FREQ,FREQ_LABEL,REF_AREA,Country,INDICATOR,INDICATOR_LABEL,UNIT_MEASURE,UNIT_MEASURE_LABEL,TYPE,TYPE_LABEL,DATABASE_ID,DATABASE_ID_LABEL,UNIT_MULT,UNIT_MULT_LABEL,OBS_STATUS,OBS_STATUS_LABEL,OBS_CONF,OBS_CONF_LABEL,2019,2021,2024
A,Annual,AGO,Angola,WEF_TTDI_TTDI_A_02,"Safety and Security, 1-7 (best)",IX_1T7,Score 1-7,WEF_TTDI_RNK,Type: Rank,WEF_TTDI,Travel & Tourism Development Index (TTDI),0,Units,A,Normal value,PU,Public,96.0,97.0,78.0
A,Annual,AGO,Angola,WEF_TTDI_TTDI_A_02,"Safety and Security, 1-7 (best)",IX_1T7,Score 1-7,WEF_TTDI_SCR,Type: Score,WEF_TTDI,Travel & Tourism Development Index (TTDI),0,Units,A,Normal value,PU,Public,4.799024301807411,4.914490751213847,5.341580176574129
A,Annual,AGO,Angola,WEF_TTDI_TTDI_A_02,"Safety and Security, 1-7 (best)",IX_1T7,Score 1-7,WEF_TTDI_VAL,Type: Value,WEF_TTDI,Travel & Tourism Development Index (TTDI),0,Units,A,Normal value,PU,Public,4.799024301807411,4.914490751213847,5.341580176574129
A,Annual,ALB,Albania,WEF_TTDI_TTDI_A_02,"Safety and Security, 1-7 (best)",IX_1T7,Score 1-7,WEF_TTDI_RNK,Type: Rank,WEF_TTDI,Travel & Tourism Development Index (TTDI),0,Units,A,Normal value,PU,Public,54.0,62.0,42.0
A,Annual,ALB,Albania,WEF_TTDI_TTDI_A_02,"Safety and Security, 1-7 (best)",IX_1T7,Score 1-7,WEF_TTDI_SCR,Type: Score,WEF_TTDI,Travel & Tourism Development Index (TTDI),0,Units,A,Normal value,PU,Public,5.67456208836,5.65718030224,5.977521254348077
A,Annual,ALB,Albania,WEF_TTDI_TTDI_A_02,"Safety and Security, 1-7 (best)",IX_1T7,Score 1-7,WEF_TTDI_VAL,Type: Value,WEF_TTDI,Travel & Tourism Development Index (TTDI),0,Units,A,Normal value,PU,Public,5.67456208836,5.65718030224,5.977521254348077
A,Annual,ARE,United Arab Emirates,WEF_TTDI_TTDI_A_02,"Safety and Security, 1-7 (best)",IX_1T7,Score 1-7,WEF_TTDI_RNK,Type: Rank,WEF_TTDI,Travel & Tourism Development Index (TTDI),0,Units,A,Normal value,PU,Public,5.0,6.0,12.0
A,Annual,ARE,United Arab Emirates,WEF_TTDI_TTDI_A_02,"Safety and Security, 1-7 (best)",IX_1T7,Score 1-7,WEF_TTDI_SCR,Type: Score,WEF_TTDI,Travel & Tourism Development Index (TTDI),0,Units,A,Normal value,PU,Public,6.498483523839999,6.5507344148,6.399650604260674
A,Annual,ARE,United Arab Emirates,WEF_TTDI_TTDI_A_02,"Safety and Security, 1-7 (best)",IX_1T7,Score 1-7,WEF_TTDI_VAL,Type: Value,WEF_TTDI,Travel & Tourism Development Index (TTDI),0,Units,A,Normal value,PU,Public,6.498483523839999,6.5507344148,6.399650604260674
A,Annual,ARG,Argentina,WEF_TTDI_TTDI_A_02,"Safety and Security, 1-7 (best)",IX_1T7,Score 1-7,WEF_TTDI_RNK,Type: Rank,WEF_TTDI,Travel & Tourism Development Index (TTDI),0,Units,A,Normal value,PU,Public,95.0,87.0,95.0
A,Annual,ARG,Argentina,WEF_TTDI_TTDI_A_02,"Safety and Security, 1-7 (best)",IX_1T7,Score 1-7,WEF_TTDI_SCR,Type: Score,WEF_TTDI,Travel & Tourism Development Index (TTDI),0,Units,A,Normal value,PU,Public,4.802067619080001,5.10414085044,5.01509285775181
A,Annual,ARG,Argentina,WEF_TTDI_TTDI_A_02,"Safety and Security, 1-7 (best)",IX_1T7,Score 1-7,WEF_TTDI_VAL,Type: Value,WEF_TTDI,Travel & Tourism Development Index (TTDI),0,Units,A,Normal value,PU,Public,4.802067619080001,5.10414085044,5.01509285775181
A,Annual,ARM,Armenia,WEF_TTDI_TTDI_A_02,"Safety and Security, 1-7 (best)",IX_1T7,Score 1-7,WEF_TTDI_RNK,Type: Rank,WEF_TTDI,Travel & Tourism Development Index (TTDI),0,Units,A,Normal value,PU,Public,62.0,25.0,64.0
A,Annual,ARM,Armenia,WEF_TTDI_TTDI_A_02,"Safety and Security, 1-7 (best)",IX_1T7,Score 1-7,WEF_TTDI_SCR,Type: Score,WEF_TTDI,Travel & Tourism Development Index (TTDI),0,Units,A,Normal value,PU,Public,5.569597957974025,6.052513464911899,5.617254827125217
A,Annual,ARM,Armenia,WEF_TTDI_TTDI_A_02,"Safety and Security, 1-7 (best)",IX_1T7,Score 1-7,WEF_TTDI_VAL,Type: Value,WEF_TTDI,Travel & Tourism Development Index (TTDI),0,Units,A,Normal value,PU,Public,5.569597957974025,6.052513464911899,5.617254827125217
A,Annual,AUS,Australia,WEF_TTDI_TTDI_A_02,"Safety and Security, 1-7 (best)",IX_1T7,Score 1-7,WEF_TTDI_RNK,Type: Rank,WEF_TTDI,Travel & Tourism Development Index (TTDI),0,Units,A,Normal value,PU,Public,47.0,43.0,43.0
A,Annual,AUS,Australia,WEF_TTDI_TTDI_A_02,"Safety and Security, 1-7 (best)",IX_1T7,Score 1-7,WEF_TTDI_SCR,Type: Score,WEF_TTDI,Travel & Tourism Development Index (TTDI),0,Units,A,Normal value,PU,Public,5.797855674369912,5.911094062569912,5.97013665935965
A,Annual,AUS,Australia,WEF_TTDI_TTDI_A_02,"Safety and Security, 1-7 (best)",IX_1T7,Score 1-7,WEF_TTDI_VAL,Type: Value,WEF_TTDI,Travel & Tourism Development Index (TTDI),0,Units,A,Normal value,PU,Public,5.797855674369912,5.911094062569912,5.97013665935965
A,Annual,AUT,Austria,WEF_TTDI_TTDI_A_02,"Safety and Security, 1-7 (best)",IX_1T7,Score 1-7,WEF_TTDI_RNK,Type: Rank,WEF_TTDI,Travel & Tourism Development Index (TTDI),0,Units,A,Normal value,PU,Public,14.0,9.0,36.0
A,Annual,AUT,Austria,WEF_TTDI_TTDI_A_02,"Safety and Security, 1-7 (best)",IX_1T7,Score 1-7,WEF_TTDI_SCR,Type: Score,WEF_TTDI,Travel & Tourism Development Index (TTDI),0,Units,A,Normal value,PU,Public,6.256694832039999,6.506699326460759,6.016927290504675
A,Annual,AUT,Austria,WEF_TTDI_TTDI_A_02,"Safety and Security, 1-7 (best)",IX_1T7,Score 1-7,WEF_TTDI_VAL,Type: Value,WEF_TTDI,Travel & Tourism Development Index (TTDI),0,Units,A,Normal value,PU,Public,6.256694832039999,6.506699326460759,6.016927290504675
A,Annual,AZE,Azerbaijan,WEF_TTDI_TTDI_A_02,"Safety and Security, 1-7 (best)",IX_1T7,Score 1-7,WEF_TTDI_RNK,Type: Rank,WEF_TTDI,Travel & Tourism Development Index (TTDI),0,Units,A,Normal value,PU,Public,39.0,82.0,83.0
A,Annual,AZE,Azerbaijan,WEF_TTDI_TTDI_A_02,"Safety and Security, 1-7 (best)",IX_1T7,Score 1-7,WEF_TTDI_SCR,Type: Score,WEF_TTDI,Travel & Tourism Development Index (TTDI),0,Units,A,Normal value,PU,Public,5.880766586438336,5.211435702040001,5.258591524166798
A,Annual,AZE,Azerbaijan,WEF_TTDI_TTDI_A_02,"Safety and Security, 1-7 (best)",IX_1T7,Score 1-7,WEF_TTDI_VAL,Type: Value,WEF_TTDI,Travel & Tourism Development Index (TTDI),0,Units,A,Normal value,PU,Public,5.880766586438336,5.211435702040001,5.258591524166798
A,Annual,BEL,Belgium,WEF_TTDI_TTDI_A_02,"Safety and Security, 1-7 (best)",IX_1T7,Score 1-7,WEF_TTDI_RNK,Type: Rank,WEF_TTDI,Travel & Tourism Development Index (TTDI),0,Units,A,Normal value,PU,Public,55.0,61.0,48.0
A,Annual,BEL,Belgium,WEF_TTDI_TTDI_A_02,"Safety and Security, 1-7 (best)",IX_1T7,Score 1-7,WEF_TTDI_SCR,Type: Score,WEF_TTDI,Travel & Tourism Development Index (TTDI),0,Units,A,Normal value,PU,Public,5.666398899896376,5.662134516376375,5.873278663871976
A,Annual,BEL,Belgium,WEF_TTDI_TTDI_A_02,"Safety and Security, 1-7 (best)",IX_1T7,Score 1-7,WEF_TTDI_VAL,Type: Value,WEF_TTDI,Travel & Tourism Development Index (TTDI),0,Units,A,Normal value,PU,Public,5.666398899896376,5.662134516376375,5.873278663871976
A,Annual,BEN,Benin,WEF_TTDI_TTDI_A_02,"Safety and Security, 1-7 (best)",IX_1T7,Score 1-7,WEF_TTDI_RNK,Type: Rank,WEF_TTDI,Travel & Tourism Development Index (TTDI),0,Units,A,Normal value,PU,Public,53.0,53.0,96.0
A,Annual,BEN,Benin,WEF_TTDI_TTDI_A_02,"Safety and Security, 1-7 (best)",IX_1T7,Score 1-7,WEF_TTDI_SCR,Type: Score,WEF_TTDI,Travel & Tourism Development Index (TTDI),0,Units,A,Normal value,PU,Public,5.67990010372,5.749377353274634,5.013309651847644
A,Annual,BEN,Benin,WEF_TTDI_TTDI_A_02,"Safety and Security, 1-7 (best)",IX_1T7,Score 1-7,WEF_TTDI_VAL,Type: Value,WEF_TTDI,Travel & Tourism Development Index (TTDI),0,Units,A,Normal value,PU,Public,5.67990010372,5.749377353274634,5.013309651847644
A,Annual,BGD,Bangladesh,WEF_TTDI_TTDI_A_02,"Safety and Security, 1-7 (best)",IX_1T7,Score 1-7,WEF_TTDI_RNK,Type: Rank,WEF_TTDI,Travel & Tourism Development Index (TTDI),0,Units,A,Normal value,PU,Public,70.0,73.0,61.0
A,Annual,BGD,Bangladesh,WEF_TTDI_TTDI_A_02,"Safety and Security, 1-7 (best)",IX_1T7,Score 1-7,WEF_TTDI_SCR,Type: Score,WEF_TTDI,Travel & Tourism Development Index (TTDI),0,Units,A,Normal value,PU,Public,5.409430759908581,5.425151307744636,5.665319268303891
A,Annual,BGD,Bangladesh,WEF_TTDI_TTDI_A_02,"Safety and Security, 1-7 (best)",IX_1T7,Score 1-7,WEF_TTDI_VAL,Type: Value,WEF_TTDI,Travel & Tourism Development Index (TTDI),0,Units,A,Normal value,PU,Public,5.409430759908581,5.425151307744636,5.665319268303891
A,Annual,BGR,Bulgaria,WEF_TTDI_TTDI_A_02,"Safety and Security, 1-7 (best)",IX_1T7,Score 1-7,WEF_TTDI_RNK,Type: Rank,WEF_TTDI,Travel & Tourism Development Index (TTDI),0,Units,A,Normal value,PU,Public,56.0,58.0,57.0
A,Annual,BGR,Bulgaria,WEF_TTDI_TTDI_A_02,"Safety and Security, 1-7 (best)",IX_1T7,Score 1-7,WEF_TTDI_SCR,Type: Score,WEF_TTDI,Travel & Tourism Development Index (TTDI),0,Units,A,Normal value,PU,Public,5.64301623356,5.71217333624,5.733880805504898
A,Annual,BGR,Bulgaria,WEF_TTDI_TTDI_A_02,"Safety and Security, 1-7 (best)",IX_1T7,Score 1-7,WEF_TTDI_VAL,Type: Value,WEF_TTDI,Travel & Tourism Development Index (TTDI),0,Units,A,Normal value,PU,Public,5.64301623356,5.71217333624,5.733880805504898
A,Annual,BHR,Bahrain,WEF_TTDI_TTDI_A_02,"Safety and Security, 1-7 (best)",IX_1T7,Score 1-7,WEF_TTDI_RNK,Type: Rank,WEF_TTDI,Travel & Tourism Development Index (TTDI),0,Units,A,Normal value,PU,Public,61.0,51.0,38.0
A,Annual,BHR,Bahrain,WEF_TTDI_TTDI_A_02,"Safety and Security, 1-7 (best)",IX_1T7,Score 1-7,WEF_TTDI_SCR,Type: Score,WEF_TTDI,Travel & Tourism Development Index (TTDI),0,Units,A,Normal value,PU,Public,5.6023687756000005,5.7800887756,5.9874321024088335
A,Annual,BHR,Bahrain,WEF_TTDI_TTDI_A_02,"Safety and Security, 1-7 (best)",IX_1T7,Score 1-7,WEF_TTDI_VAL,Type: Value,WEF_TTDI,Travel & Tourism Development Index (TTDI),0,Units,A,Normal value,PU,Public,5.6023687756000005,5.7800887756,5.9874321024088335
A,Annual,BIH,Bosnia and Herzegovina,WEF_TTDI_TTDI_A_02,"Safety and Security, 1-7 (best)",IX_1T7,Score 1-7,WEF_TTDI_RNK,Type: Rank,WEF_TTDI,Travel & Tourism Development Index (TTDI),0,Units,A,Normal value,PU,Public,48.0,37.0,37.0
A,Annual,BIH,Bosnia and Herzegovina,WEF_TTDI_TTDI_A_02,"Safety and Security, 1-7 (best)",IX_1T7,Score 1-7,WEF_TTDI_SCR,Type: Score,WEF_TTDI,Travel & Tourism Development Index (TTDI),0,Units,A,Normal value,PU,Public,5.78116405788,5.9568275896000005,6.000867554096785
A,Annual,BIH,Bosnia and Herzegovina,WEF_TTDI_TTDI_A_02,"Safety and Security, 1-7 (best)",IX_1T7,Score 1-7,WEF_TTDI_VAL,Type: Value,WEF_TTDI,Travel & Tourism Development Index (TTDI),0,Units,A,Normal value,PU,Public,5.78116405788,5.9568275896000005,6.000867554096785
A,Annual,BOL,Bolivia,WEF_TTDI_TTDI_A_02,"Safety and Security, 1-7 (best)",IX_1T7,Score 1-7,WEF_TTDI_RNK,Type: Rank,WEF_TTDI,Travel & Tourism Development Index (TTDI),0,Units,A,Normal value,PU,Public,93.0,96.0,90.0
A,Annual,BOL,Bolivia,WEF_TTDI_TTDI_A_02,"Safety and Security, 1-7 (best)",IX_1T7,Score 1-7,WEF_TTDI_SCR,Type: Score,WEF_TTDI,Travel & Tourism Development Index (TTDI),0,Units,A,Normal value,PU,Public,4.92126502224,4.91586502224,5.074762082316181
A,Annual,BOL,Bolivia,WEF_TTDI_TTDI_A_02,"Safety and Security, 1-7 (best)",IX_1T7,Score 1-7,WEF_TTDI_VAL,Type: Value,WEF_TTDI,Travel & Tourism Development Index (TTDI),0,Units,A,Normal value,PU,Public,4.92126502224,4.91586502224,5.074762082316181
A,Annual,BRA,Brazil,WEF_TTDI_TTDI_A_02,"Safety and Security, 1-7 (best)",IX_1T7,Score 1-7,WEF_TTDI_RNK,Type: Rank,WEF_TTDI,Travel & Tourism Development Index (TTDI),0,Units,A,Normal value,PU,Public,113.0,113.0,110.0
A,Annual,BRA,Brazil,WEF_TTDI_TTDI_A_02,"Safety and Security, 1-7 (best)",IX_1T7,Score 1-7,WEF_TTDI_SCR,Type: Score,WEF_TTDI,Travel & Tourism Development Index (TTDI),0,Units,A,Normal value,PU,Public,3.599848060246387,3.750833551202496,4.324691083494298
A,Annual,BRA,Brazil,WEF_TTDI_TTDI_A_02,"Safety and Security, 1-7 (best)",IX_1T7,Score 1-7,WEF_TTDI_VAL,Type: Value,WEF_TTDI,Travel & Tourism Development Index (TTDI),0,Units,A,Normal value,PU,Public,3.599848060246387,3.750833551202496,4.324691083494298
A,Annual,BRB,Barbados,WEF_TTDI_TTDI_A_02,"Safety and Security, 1-7 (best)",IX_1T7,Score 1-7,WEF_TTDI_RNK,Type: Rank,WEF_TTDI,Travel & Tourism Development Index (TTDI),0,Units,A,Normal value,PU,Public,74.0,78.0,81.0
A,Annual,BRB,Barbados,WEF_TTDI_TTDI_A_02,"Safety and Security, 1-7 (best)",IX_1T7,Score 1-7,WEF_TTDI_SCR,Type: Score,WEF_TTDI,Travel & Tourism Development Index (TTDI),0,Units,A,Normal value,PU,Public,5.35499930852,5.28889242988,5.287290356484988
A,Annual,BRB,Barbados,WEF_TTDI_TTDI_A_02,"Safety and Security, 1-7 (best)",IX_1T7,Score 1-7,WEF_TTDI_VAL,Type: Value,WEF_TTDI,Travel & Tourism Development Index (TTDI),0,Units,A,Normal value,PU,Public,5.35499930852,5.28889242988,5.287290356484988
A,Annual,BWA,Botswana,WEF_TTDI_TTDI_A_02,"Safety and Security, 1-7 (best)",IX_1T7,Score 1-7,WEF_TTDI_RNK,Type: Rank,WEF_TTDI,Travel & Tourism Development Index (TTDI),0,Units,A,Normal value,PU,Public,94.0,102.0,97.0
A,Annual,BWA,Botswana,WEF_TTDI_TTDI_A_02,"Safety and Security, 1-7 (best)",IX_1T7,Score 1-7,WEF_TTDI_SCR,Type: Score,WEF_TTDI,Travel & Tourism Development Index (TTDI),0,Units,A,Normal value,PU,Public,4.8300677668,4.8150677668,5.003121504869952
A,Annual,BWA,Botswana,WEF_TTDI_TTDI_A_02,"Safety and Security, 1-7 (best)",IX_1T7,Score 1-7,WEF_TTDI_VAL,Type: Value,WEF_TTDI,Travel & Tourism Development Index (TTDI),0,Units,A,Normal value,PU,Public,4.8300677668,4.8150677668,5.003121504869952
A,Annual,CAN,Canada,WEF_TTDI_TTDI_A_02,"Safety and Security, 1-7 (best)",IX_1T7,Score 1-7,WEF_TTDI_RNK,Type: Rank,WEF_TTDI,Travel & Tourism Development Index (TTDI),0,Units,A,Normal value,PU,Public,24.0,29.0,44.0
A,Annual,CAN,Canada,WEF_TTDI_TTDI_A_02,"Safety and Security, 1-7 (best)",IX_1T7,Score 1-7,WEF_TTDI_SCR,Type: Score,WEF_TTDI,Travel & Tourism Development Index (TTDI),0,Units,A,Normal value,PU,Public,6.05947572156,6.00924315456,5.9693896210542405
A,Annual,CAN,Canada,WEF_TTDI_TTDI_A_02,"Safety and Security, 1-7 (best)",IX_1T7,Score 1-7,WEF_TTDI_VAL,Type: Value,WEF_TTDI,Travel & Tourism Development Index (TTDI),0,Units,A,Normal value,PU,Public,6.05947572156,6.00924315456,5.9693896210542405
A,Annual,CHE,Switzerland,WEF_TTDI_TTDI_A_02,"Safety and Security, 1-7 (best)",IX_1T7,Score 1-7,WEF_TTDI_RNK,Type: Rank,WEF_TTDI,Travel & Tourism Development Index (TTDI),0,Units,A,Normal value,PU,Public,4.0,4.0,11.0
A,Annual,CHE,Switzerland,WEF_TTDI_TTDI_A_02,"Safety and Security, 1-7 (best)",IX_1T7,Score 1-7,WEF_TTDI_SCR,Type: Score,WEF_TTDI,Travel & Tourism Development Index (TTDI),0,Units,A,Normal value,PU,Public,6.61744006852,6.597221279040001,6.431070562353746
A,Annual,CHE,Switzerland,WEF_TTDI_TTDI_A_02,"Safety and Security, 1-7 (best)",IX_1T7,Score 1-7,WEF_TTDI_VAL,Type: Value,WEF_TTDI,Travel & Tourism Development Index (TTDI),0,Units,A,Normal value,PU,Public,6.61744006852,6.597221279040001,6.431070562353746
A,Annual,CHL,Chile,WEF_TTDI_TTDI_A_02,"Safety and Security, 1-7 (best)",IX_1T7,Score 1-7,WEF_TTDI_RNK,Type: Rank,WEF_TTDI,Travel & Tourism Development Index (TTDI),0,Units,A,Normal value,PU,Public,92.0,107.0,108.0
A,Annual,CHL,Chile,WEF_TTDI_TTDI_A_02,"Safety and Security, 1-7 (best)",IX_1T7,Score 1-7,WEF_TTDI_SCR,Type: Score,WEF_TTDI,Travel & Tourism Development Index (TTDI),0,Units,A,Normal value,PU,Public,4.93608151792,4.72008422064,4.515438453005972
A,Annual,CHL,Chile,WEF_TTDI_TTDI_A_02,"Safety and Security, 1-7 (best)",IX_1T7,Score 1-7,WEF_TTDI_VAL,Type: Value,WEF_TTDI,Travel & Tourism Development Index (TTDI),0,Units,A,Normal value,PU,Public,4.93608151792,4.72008422064,4.515438453005972
A,Annual,CHN,China,WEF_TTDI_TTDI_A_02,"Safety and Security, 1-7 (best)",IX_1T7,Score 1-7,WEF_TTDI_RNK,Type: Rank,WEF_TTDI,Travel & Tourism Development Index (TTDI),0,Units,A,Normal value,PU,Public,51.0,27.0,8.0
A,Annual,CHN,China,WEF_TTDI_TTDI_A_02,"Safety and Security, 1-7 (best)",IX_1T7,Score 1-7,WEF_TTDI_SCR,Type: Score,WEF_TTDI,Travel & Tourism Development Index (TTDI),0,Units,A,Normal value,PU,Public,5.688818999029339,6.024700584485415,6.516159185473749
A,Annual,CHN,China,WEF_TTDI_TTDI_A_02,"Safety and Security, 1-7 (best)",IX_1T7,Score 1-7,WEF_TTDI_VAL,Type: Value,WEF_TTDI,Travel & Tourism Development Index (TTDI),0,Units,A,Normal value,PU,Public,5.688818999029339,6.024700584485415,6.516159185473749
A,Annual,CIV,Cote d'Ivoire,WEF_TTDI_TTDI_A_02,"Safety and Security, 1-7 (best)",IX_1T7,Score 1-7,WEF_TTDI_RNK,Type: Rank,WEF_TTDI,Travel & Tourism Development Index (TTDI),0,Units,A,Normal value,PU,Public,100.0,99.0,103.0
A,Annual,CIV,Cote d'Ivoire,WEF_TTDI_TTDI_A_02,"Safety and Security, 1-7 (best)",IX_1T7,Score 1-7,WEF_TTDI_SCR,Type: Score,WEF_TTDI,Travel & Tourism Development Index (TTDI),0,Units,A,Normal value,PU,Public,4.683938074269103,4.914186727820395,4.785088653551292
A,Annual,CIV,Cote d'Ivoire,WEF_TTDI_TTDI_A_02,"Safety and Security, 1-7 (best)",IX_1T7,Score 1-7,WEF_TTDI_VAL,Type: Value,WEF_TTDI,Travel & Tourism Development Index (TTDI),0,Units,A,Normal value,PU,Public,4.683938074269103,4.914186727820395,4.785088653551292
A,Annual,CMR,Cameroon,WEF_TTDI_TTDI_A_02,"Safety and Security, 1-7 (best)",IX_1T7,Score 1-7,WEF_TTDI_RNK,Type: Rank,WEF_TTDI,Travel & Tourism Development Index (TTDI),0,Units,A,Normal value,PU,Public,115.0,112.0,115.0
A,Annual,CMR,Cameroon,WEF_TTDI_TTDI_A_02,"Safety and Security, 1-7 (best)",IX_1T7,Score 1-7,WEF_TTDI_SCR,Type: Score,WEF_TTDI,Travel & Tourism Development Index (TTDI),0,Units,A,Normal value,PU,Public,3.5585243824965813,3.8396557042305055,3.497873453978593
A,Annual,CMR,Cameroon,WEF_TTDI_TTDI_A_02,"Safety and Security, 1-7 (best)",IX_1T7,Score 1-7,WEF_TTDI_VAL,Type: Value,WEF_TTDI,Travel & Tourism Development Index (TTDI),0,Units,A,Normal value,PU,Public,3.5585243824965813,3.8396557042305055,3.497873453978593
A,Annual,COL,Colombia,WEF_TTDI_TTDI_A_02,"Safety and Security, 1-7 (best)",IX_1T7,Score 1-7,WEF_TTDI_RNK,Type: Rank,WEF_TTDI,Travel & Tourism Development Index (TTDI),0,Units,A,Normal value,PU,Public,114.0,114.0,116.0
A,Annual,COL,Colombia,WEF_TTDI_TTDI_A_02,"Safety and Security, 1-7 (best)",IX_1T7,Score 1-7,WEF_TTDI_SCR,Type: Score,WEF_TTDI,Travel & Tourism Development Index (TTDI),0,Units,A,Normal value,PU,Public,3.5815253306991224,3.708775488872367,3.486261770620918
A,Annual,COL,Colombia,WEF_TTDI_TTDI_A_02,"Safety and Security, 1-7 (best)",IX_1T7,Score 1-7,WEF_TTDI_VAL,Type: Value,WEF_TTDI,Travel & Tourism Development Index (TTDI),0,Units,A,Normal value,PU,Public,3.5815253306991224,3.708775488872367,3.486261770620918
A,Annual,CRI,Costa Rica,WEF_TTDI_TTDI_A_02,"Safety and Security, 1-7 (best)",IX_1T7,Score 1-7,WEF_TTDI_RNK,Type: Rank,WEF_TTDI,Travel & Tourism Development Index (TTDI),0,Units,A,Normal value,PU,Public,87.0,92.0,76.0
A,Annual,CRI,Costa Rica,WEF_TTDI_TTDI_A_02,"Safety and Security, 1-7 (best)",IX_1T7,Score 1-7,WEF_TTDI_SCR,Type: Score,WEF_TTDI,Travel & Tourism Development Index (TTDI),0,Units,A,Normal value,PU,Public,5.058099318,4.98162982,5.358651605940832
A,Annual,CRI,Costa Rica,WEF_TTDI_TTDI_A_02,"Safety and Security, 1-7 (best)",IX_1T7,Score 1-7,WEF_TTDI_VAL,Type: Value,WEF_TTDI,Travel & Tourism Development Index (TTDI),0,Units,A,Normal value,PU,Public,5.058099318,4.98162982,5.358651605940832
A,Annual,CYP,Cyprus,WEF_TTDI_TTDI_A_02,"Safety and Security, 1-7 (best)",IX_1T7,Score 1-7,WEF_TTDI_RNK,Type: Rank,WEF_TTDI,Travel & Tourism Development Index (TTDI),0,Units,A,Normal value,PU,Public,40.0,48.0,51.0
A,Annual,CYP,Cyprus,WEF_TTDI_TTDI_A_02,"Safety and Security, 1-7 (best)",IX_1T7,Score 1-7,WEF_TTDI_SCR,Type: Score,WEF_TTDI,Travel & Tourism Development Index (TTDI),0,Units,A,Normal value,PU,Public,5.86584273388,5.84074854356,5.791520828427858
A,Annual,CYP,Cyprus,WEF_TTDI_TTDI_A_02,"Safety and Security, 1-7 (best)",IX_1T7,Score 1-7,WEF_TTDI_VAL,Type: Value,WEF_TTDI,Travel & Tourism Development Index (TTDI),0,Units,A,Normal value,PU,Public,5.86584273388,5.84074854356,5.791520828427858
A,Annual,CZE,Czechia,WEF_TTDI_TTDI_A_02,"Safety and Security, 1-7 (best)",IX_1T7,Score 1-7,WEF_TTDI_RNK,Type: Rank,WEF_TTDI,Travel & Tourism Development Index (TTDI),0,Units,A,Normal value,PU,Public,21.0,16.0,14.0
A,Annual,CZE,Czechia,WEF_TTDI_TTDI_A_02,"Safety and Security, 1-7 (best)",IX_1T7,Score 1-7,WEF_TTDI_SCR,Type: Score,WEF_TTDI,Travel & Tourism Development Index (TTDI),0,Units,A,Normal value,PU,Public,6.0680752809200005,6.23239037628,6.352113551263537
A,Annual,CZE,Czechia,WEF_TTDI_TTDI_A_02,"Safety and Security, 1-7 (best)",IX_1T7,Score 1-7,WEF_TTDI_VAL,Type: Value,WEF_TTDI,Travel & Tourism Development Index (TTDI),0,Units,A,Normal value,PU,Public,6.0680752809200005,6.23239037628,6.352113551263537
A,Annual,DEU,Germany,WEF_TTDI_TTDI_A_02,"Safety and Security, 1-7 (best)",IX_1T7,Score 1-7,WEF_TTDI_RNK,Type: Rank,WEF_TTDI,Travel & Tourism Development Index (TTDI),0,Units,A,Normal value,PU,Public,52.0,47.0,55.0
A,Annual,DEU,Germany,WEF_TTDI_TTDI_A_02,"Safety and Security, 1-7 (best)",IX_1T7,Score 1-7,WEF_TTDI_SCR,Type: Score,WEF_TTDI,Travel & Tourism Development Index (TTDI),0,Units,A,Normal value,PU,Public,5.680140803128541,5.870406604168541,5.75263008538075
A,Annual,DEU,Germany,WEF_TTDI_TTDI_A_02,"Safety and Security, 1-7 (best)",IX_1T7,Score 1-7,WEF_TTDI_VAL,Type: Value,WEF_TTDI,Travel & Tourism Development Index (TTDI),0,Units,A,Normal value,PU,Public,5.680140803128541,5.870406604168541,5.75263008538075
A,Annual,DNK,Denmark,WEF_TTDI_TTDI_A_02,"Safety and Security, 1-7 (best)",IX_1T7,Score 1-7,WEF_TTDI_RNK,Type: Rank,WEF_TTDI,Travel & Tourism Development Index (TTDI),0,Units,A,Normal value,PU,Public,10.0,12.0,9.0
A,Annual,DNK,Denmark,WEF_TTDI_TTDI_A_02,"Safety and Security, 1-7 (best)",IX_1T7,Score 1-7,WEF_TTDI_SCR,Type: Score,WEF_TTDI,Travel & Tourism Development Index (TTDI),0,Units,A,Normal value,PU,Public,6.35273982316,6.31658712164,6.513926526014775
A,Annual,DNK,Denmark,WEF_TTDI_TTDI_A_02,"Safety and Security, 1-7 (best)",IX_1T7,Score 1-7,WEF_TTDI_VAL,Type: Value,WEF_TTDI,Travel & Tourism Development Index (TTDI),0,Units,A,Normal value,PU,Public,6.35273982316,6.31658712164,6.513926526014775
A,Annual,DOM,Dominican Republic,WEF_TTDI_TTDI_A_02,"Safety and Security, 1-7 (best)",IX_1T7,Score 1-7,WEF_TTDI_RNK,Type: Rank,WEF_TTDI,Travel & Tourism Development Index (TTDI),0,Units,A,Normal value,PU,Public,103.0,100.0,101.0
A,Annual,DOM,Dominican Republic,WEF_TTDI_TTDI_A_02,"Safety and Security, 1-7 (best)",IX_1T7,Score 1-7,WEF_TTDI_SCR,Type: Score,WEF_TTDI,Travel & Tourism Development Index (TTDI),0,Units,A,Normal value,PU,Public,4.5024863244,4.903010642,4.898336630651537
A,Annual,DOM,Dominican Republic,WEF_TTDI_TTDI_A_02,"Safety and Security, 1-7 (best)",IX_1T7,Score 1-7,WEF_TTDI_VAL,Type: Value,WEF_TTDI,Travel & Tourism Development Index (TTDI),0,Units,A,Normal value,PU,Public,4.5024863244,4.903010642,4.898336630651537
A,Annual,DZA,Algeria,WEF_TTDI_TTDI_A_02,"Safety and Security, 1-7 (best)",IX_1T7,Score 1-7,WEF_TTDI_RNK,Type: Rank,WEF_TTDI,Travel & Tourism Development Index (TTDI),0,Units,A,Normal value,PU,Public,68.0,69.0,65.0
A,Annual,DZA,Algeria,WEF_TTDI_TTDI_A_02,"Safety and Security, 1-7 (best)",IX_1T7,Score 1-7,WEF_TTDI_SCR,Type: Score,WEF_TTDI,Travel & Tourism Development Index (TTDI),0,Units,A,Normal value,PU,Public,5.470518434103829,5.5214578199268605,5.576784115471451
A,Annual,DZA,Algeria,WEF_TTDI_TTDI_A_02,"Safety and Security, 1-7 (best)",IX_1T7,Score 1-7,WEF_TTDI_VAL,Type: Value,WEF_TTDI,Travel & Tourism Development Index (TTDI),0,Units,A,Normal value,PU,Public,5.470518434103829,5.5214578199268605,5.576784115471451
A,Annual,ECU,Ecuador,WEF_TTDI_TTDI_A_02,"Safety and Security, 1-7 (best)",IX_1T7,Score 1-7,WEF_TTDI_RNK,Type: Rank,WEF_TTDI,Travel & Tourism Development Index (TTDI),0,Units,A,Normal value,PU,Public,77.0,94.0,107.0
A,Annual,ECU,Ecuador,WEF_TTDI_TTDI_A_02,"Safety and Security, 1-7 (best)",IX_1T7,Score 1-7,WEF_TTDI_SCR,Type: Score,WEF_TTDI,Travel & Tourism Development Index (TTDI),0,Units,A,Normal value,PU,Public,5.34489968924,4.939563013869179,4.522706578755243
A,Annual,ECU,Ecuador,WEF_TTDI_TTDI_A_02,"Safety and Security, 1-7 (best)",IX_1T7,Score 1-7,WEF_TTDI_VAL,Type: Value,WEF_TTDI,Travel & Tourism Development Index (TTDI),0,Units,A,Normal value,PU,Public,5.34489968924,4.939563013869179,4.522706578755243
A,Annual,EGY,"Egypt, Arab Rep.",WEF_TTDI_TTDI_A_02,"Safety and Security, 1-7 (best)",IX_1T7,Score 1-7,WEF_TTDI_RNK,Type: Rank,WEF_TTDI,Travel & Tourism Development Index (TTDI),0,Units,A,Normal value,PU,Public,90.0,80.0,73.0
A,Annual,EGY,"Egypt, Arab Rep.",WEF_TTDI_TTDI_A_02,"Safety and Security, 1-7 (best)",IX_1T7,Score 1-7,WEF_TTDI_SCR,Type: Score,WEF_TTDI,Travel & Tourism Development Index (TTDI),0,Units,A,Normal value,PU,Public,4.98249041480992,5.248525973367019,5.374481918648352
A,Annual,EGY,"Egypt, Arab Rep.",WEF_TTDI_TTDI_A_02,"Safety and Security, 1-7 (best)",IX_1T7,Score 1-7,WEF_TTDI_VAL,Type: Value,WEF_TTDI,Travel & Tourism Development Index (TTDI),0,Units,A,Normal value,PU,Public,4.98249041480992,5.248525973367019,5.374481918648352
A,Annual,ESP,Spain,WEF_TTDI_TTDI_A_02,"Safety and Security, 1-7 (best)",IX_1T7,Score 1-7,WEF_TTDI_RNK,Type: Rank,WEF_TTDI,Travel & Tourism Development Index (TTDI),0,Units,A,Normal value,PU,Public,37.0,23.0,27.0
A,Annual,ESP,Spain,WEF_TTDI_TTDI_A_02,"Safety and Security, 1-7 (best)",IX_1T7,Score 1-7,WEF_TTDI_SCR,Type: Score,WEF_TTDI,Travel & Tourism Development Index (TTDI),0,Units,A,Normal value,PU,Public,5.91984203357778,6.06589641797778,6.140132228445571
A,Annual,ESP,Spain,WEF_TTDI_TTDI_A_02,"Safety and Security, 1-7 (best)",IX_1T7,Score 1-7,WEF_TTDI_VAL,Type: Value,WEF_TTDI,Travel & Tourism Development Index (TTDI),0,Units,A,Normal value,PU,Public,5.91984203357778,6.06589641797778,6.140132228445571
A,Annual,EST,Estonia,WEF_TTDI_TTDI_A_02,"Safety and Security, 1-7 (best)",IX_1T7,Score 1-7,WEF_TTDI_RNK,Type: Rank,WEF_TTDI,Travel & Tourism Development Index (TTDI),0,Units,A,Normal value,PU,Public,25.0,20.0,18.0
A,Annual,EST,Estonia,WEF_TTDI_TTDI_A_02,"Safety and Security, 1-7 (best)",IX_1T7,Score 1-7,WEF_TTDI_SCR,Type: Score,WEF_TTDI,Travel & Tourism Development Index (TTDI),0,Units,A,Normal value,PU,Public,6.04725467668,6.113498348039999,6.291728063725398
A,Annual,EST,Estonia,WEF_TTDI_TTDI_A_02,"Safety and Security, 1-7 (best)",IX_1T7,Score 1-7,WEF_TTDI_VAL,Type: Value,WEF_TTDI,Travel & Tourism Development Index (TTDI),0,Units,A,Normal value,PU,Public,6.04725467668,6.113498348039999,6.291728063725398
A,Annual,FIN,Finland,WEF_TTDI_TTDI_A_02,"Safety and Security, 1-7 (best)",IX_1T7,Score 1-7,WEF_TTDI_RNK,Type: Rank,WEF_TTDI,Travel & Tourism Development Index (TTDI),0,Units,A,Normal value,PU,Public,13.0,13.0,4.0
A,Annual,FIN,Finland,WEF_TTDI_TTDI_A_02,"Safety and Security, 1-7 (best)",IX_1T7,Score 1-7,WEF_TTDI_SCR,Type: Score,WEF_TTDI,Travel & Tourism Development Index (TTDI),0,Units,A,Normal value,PU,Public,6.31603944008,6.3082931355200005,6.559170882262092
A,Annual,FIN,Finland,WEF_TTDI_TTDI_A_02,"Safety and Security, 1-7 (best)",IX_1T7,Score 1-7,WEF_TTDI_VAL,Type: Value,WEF_TTDI,Travel & Tourism Development Index (TTDI),0,Units,A,Normal value,PU,Public,6.31603944008,6.3082931355200005,6.559170882262092
A,Annual,FRA,France,WEF_TTDI_TTDI_A_02,"Safety and Security, 1-7 (best)",IX_1T7,Score 1-7,WEF_TTDI_RNK,Type: Rank,WEF_TTDI,Travel & Tourism Development Index (TTDI),0,Units,A,Normal value,PU,Public,57.0,52.0,53.0
A,Annual,FRA,France,WEF_TTDI_TTDI_A_02,"Safety and Security, 1-7 (best)",IX_1T7,Score 1-7,WEF_TTDI_SCR,Type: Score,WEF_TTDI,Travel & Tourism Development Index (TTDI),0,Units,A,Normal value,PU,Public,5.622783602803439,5.759210522025089,5.77806136604878
A,Annual,FRA,France,WEF_TTDI_TTDI_A_02,"Safety and Security, 1-7 (best)",IX_1T7,Score 1-7,WEF_TTDI_VAL,Type: Value,WEF_TTDI,Travel & Tourism Development Index (TTDI),0,Units,A,Normal value,PU,Public,5.622783602803439,5.759210522025089,5.77806136604878
A,Annual,GBR,United Kingdom,WEF_TTDI_TTDI_A_02,"Safety and Security, 1-7 (best)",IX_1T7,Score 1-7,WEF_TTDI_RNK,Type: Rank,WEF_TTDI,Travel & Tourism Development Index (TTDI),0,Units,A,Normal value,PU,Public,59.0,68.0,66.0
A,Annual,GBR,United Kingdom,WEF_TTDI_TTDI_A_02,"Safety and Security, 1-7 (best)",IX_1T7,Score 1-7,WEF_TTDI_SCR,Type: Score,WEF_TTDI,Travel & Tourism Development Index (TTDI),0,Units,A,Normal value,PU,Public,5.61907604644,5.537124322760164,5.5686974435827015
A,Annual,GBR,United Kingdom,WEF_TTDI_TTDI_A_02,"Safety and Security, 1-7 (best)",IX_1T7,Score 1-7,WEF_TTDI_VAL,Type: Value,WEF_TTDI,Travel & Tourism Development Index (TTDI),0,Units,A,Normal value,PU,Public,5.61907604644,5.537124322760164,5.5686974435827015
A,Annual,GEO,Georgia,WEF_TTDI_TTDI_A_02,"Safety and Security, 1-7 (best)",IX_1T7,Score 1-7,WEF_TTDI_RNK,Type: Rank,WEF_TTDI,Travel & Tourism Development Index (TTDI),0,Units,A,Normal value,PU,Public,19.0,15.0,25.0
A,Annual,GEO,Georgia,WEF_TTDI_TTDI_A_02,"Safety and Security, 1-7 (best)",IX_1T7,Score 1-7,WEF_TTDI_SCR,Type: Score,WEF_TTDI,Travel & Tourism Development Index (TTDI),0,Units,A,Normal value,PU,Public,6.11551012564,6.23486550024,6.168319947395924
A,Annual,GEO,Georgia,WEF_TTDI_TTDI_A_02,"Safety and Security, 1-7 (best)",IX_1T7,Score 1-7,WEF_TTDI_VAL,Type: Value,WEF_TTDI,Travel & Tourism Development Index (TTDI),0,Units,A,Normal value,PU,Public,6.11551012564,6.23486550024,6.168319947395924
A,Annual,GHA,Ghana,WEF_TTDI_TTDI_A_02,"Safety and Security, 1-7 (best)",IX_1T7,Score 1-7,WEF_TTDI_RNK,Type: Rank,WEF_TTDI,Travel & Tourism Development Index (TTDI),0,Units,A,Normal value,PU,Public,43.0,72.0,58.0
A,Annual,GHA,Ghana,WEF_TTDI_TTDI_A_02,"Safety and Security, 1-7 (best)",IX_1T7,Score 1-7,WEF_TTDI_SCR,Type: Score,WEF_TTDI,Travel & Tourism Development Index (TTDI),0,Units,A,Normal value,PU,Public,5.82345852936,5.47719035932,5.72434448213847
A,Annual,GHA,Ghana,WEF_TTDI_TTDI_A_02,"Safety and Security, 1-7 (best)",IX_1T7,Score 1-7,WEF_TTDI_VAL,Type: Value,WEF_TTDI,Travel & Tourism Development Index (TTDI),0,Units,A,Normal value,PU,Public,5.82345852936,5.47719035932,5.72434448213847
A,Annual,GRC,Greece,WEF_TTDI_TTDI_A_02,"Safety and Security, 1-7 (best)",IX_1T7,Score 1-7,WEF_TTDI_RNK,Type: Rank,WEF_TTDI,Travel & Tourism Development Index (TTDI),0,Units,A,Normal value,PU,Public,84.0,77.0,80.0
A,Annual,GRC,Greece,WEF_TTDI_TTDI_A_02,"Safety and Security, 1-7 (best)",IX_1T7,Score 1-7,WEF_TTDI_SCR,Type: Score,WEF_TTDI,Travel & Tourism Development Index (TTDI),0,Units,A,Normal value,PU,Public,5.22342722492,5.2905254422,5.295757897555519
A,Annual,GRC,Greece,WEF_TTDI_TTDI_A_02,"Safety and Security, 1-7 (best)",IX_1T7,Score 1-7,WEF_TTDI_VAL,Type: Value,WEF_TTDI,Travel & Tourism Development Index (TTDI),0,Units,A,Normal value,PU,Public,5.22342722492,5.2905254422,5.295757897555519
A,Annual,GTM,Guatemala,WEF_TTDI_TTDI_A_02,"Safety and Security, 1-7 (best)",IX_1T7,Score 1-7,WEF_TTDI_RNK,Type: Rank,WEF_TTDI,Travel & Tourism Development Index (TTDI),0,Units,A,Normal value,PU,Public,104.0,104.0,98.0
A,Annual,GTM,Guatemala,WEF_TTDI_TTDI_A_02,"Safety and Security, 1-7 (best)",IX_1T7,Score 1-7,WEF_TTDI_SCR,Type: Score,WEF_TTDI,Travel & Tourism Development Index (TTDI),0,Units,A,Normal value,PU,Public,4.497423615902235,4.7903860512000005,4.966177299924608
A,Annual,GTM,Guatemala,WEF_TTDI_TTDI_A_02,"Safety and Security, 1-7 (best)",IX_1T7,Score 1-7,WEF_TTDI_VAL,Type: Value,WEF_TTDI,Travel & Tourism Development Index (TTDI),0,Units,A,Normal value,PU,Public,4.497423615902235,4.7903860512000005,4.966177299924608
A,Annual,HIC,High income,WEF_TTDI_TTDI_A_02,"Safety and Security, 1-7 (best)",IX_1T7,Score 1-7,WEF_TTDI_SCR,Type: Score,WEF_TTDI,Travel & Tourism Development Index (TTDI),0,Units,A,Normal value,PU,Public,5.896088842405185,5.963984689679485,6.00366582267875
A,Annual,HIC,High income,WEF_TTDI_TTDI_A_02,"Safety and Security, 1-7 (best)",IX_1T7,Score 1-7,WEF_TTDI_VAL,Type: Value,WEF_TTDI,Travel & Tourism Development Index (TTDI),0,Units,A,Normal value,PU,Public,5.896088842405185,5.963984689679485,6.00366582267875
A,Annual,HND,Honduras,WEF_TTDI_TTDI_A_02,"Safety and Security, 1-7 (best)",IX_1T7,Score 1-7,WEF_TTDI_RNK,Type: Rank,WEF_TTDI,Travel & Tourism Development Index (TTDI),0,Units,A,Normal value,PU,Public,111.0,110.0,111.0
A,Annual,HND,Honduras,WEF_TTDI_TTDI_A_02,"Safety and Security, 1-7 (best)",IX_1T7,Score 1-7,WEF_TTDI_SCR,Type: Score,WEF_TTDI,Travel & Tourism Development Index (TTDI),0,Units,A,Normal value,PU,Public,4.194174126392854,4.197895336265927,4.2761597803332805
A,Annual,HND,Honduras,WEF_TTDI_TTDI_A_02,"Safety and Security, 1-7 (best)",IX_1T7,Score 1-7,WEF_TTDI_VAL,Type: Value,WEF_TTDI,Travel & Tourism Development Index (TTDI),0,Units,A,Normal value,PU,Public,4.194174126392854,4.197895336265927,4.2761597803332805
A,Annual,HRV,Croatia,WEF_TTDI_TTDI_A_02,"Safety and Security, 1-7 (best)",IX_1T7,Score 1-7,WEF_TTDI_RNK,Type: Rank,WEF_TTDI,Travel & Tourism Development Index (TTDI),0,Units,A,Normal value,PU,Public,17.0,30.0,21.0
A,Annual,HRV,Croatia,WEF_TTDI_TTDI_A_02,"Safety and Security, 1-7 (best)",IX_1T7,Score 1-7,WEF_TTDI_SCR,Type: Score,WEF_TTDI,Travel & Tourism Development Index (TTDI),0,Units,A,Normal value,PU,Public,6.1465009770400005,5.98690312812,6.247488769771354
A,Annual,HRV,Croatia,WEF_TTDI_TTDI_A_02,"Safety and Security, 1-7 (best)",IX_1T7,Score 1-7,WEF_TTDI_VAL,Type: Value,WEF_TTDI,Travel & Tourism Development Index (TTDI),0,Units,A,Normal value,PU,Public,6.1465009770400005,5.98690312812,6.247488769771354
A,Annual,HUN,Hungary,WEF_TTDI_TTDI_A_02,"Safety and Security, 1-7 (best)",IX_1T7,Score 1-7,WEF_TTDI_RNK,Type: Rank,WEF_TTDI,Travel & Tourism Development Index (TTDI),0,Units,A,Normal value,PU,Public,35.0,39.0,20.0
A,Annual,HUN,Hungary,WEF_TTDI_TTDI_A_02,"Safety and Security, 1-7 (best)",IX_1T7,Score 1-7,WEF_TTDI_SCR,Type: Score,WEF_TTDI,Travel & Tourism Development Index (TTDI),0,Units,A,Normal value,PU,Public,5.92859344148,5.9343920546,6.264103335542101
A,Annual,HUN,Hungary,WEF_TTDI_TTDI_A_02,"Safety and Security, 1-7 (best)",IX_1T7,Score 1-7,WEF_TTDI_VAL,Type: Value,WEF_TTDI,Travel & Tourism Development Index (TTDI),0,Units,A,Normal value,PU,Public,5.92859344148,5.9343920546,6.264103335542101
A,Annual,IDN,Indonesia,WEF_TTDI_TTDI_A_02,"Safety and Security, 1-7 (best)",IX_1T7,Score 1-7,WEF_TTDI_RNK,Type: Rank,WEF_TTDI,Travel & Tourism Development Index (TTDI),0,Units,A,Normal value,PU,Public,33.0,42.0,54.0
A,Annual,IDN,Indonesia,WEF_TTDI_TTDI_A_02,"Safety and Security, 1-7 (best)",IX_1T7,Score 1-7,WEF_TTDI_SCR,Type: Score,WEF_TTDI,Travel & Tourism Development Index (TTDI),0,Units,A,Normal value,PU,Public,5.95394343519713,5.915554929728947,5.774320339068768
A,Annual,IDN,Indonesia,WEF_TTDI_TTDI_A_02,"Safety and Security, 1-7 (best)",IX_1T7,Score 1-7,WEF_TTDI_VAL,Type: Value,WEF_TTDI,Travel & Tourism Development Index (TTDI),0,Units,A,Normal value,PU,Public,5.95394343519713,5.915554929728947,5.774320339068768
A,Annual,IND,India,WEF_TTDI_TTDI_A_02,"Safety and Security, 1-7 (best)",IX_1T7,Score 1-7,WEF_TTDI_RNK,Type: Rank,WEF_TTDI,Travel & Tourism Development Index (TTDI),0,Units,A,Normal value,PU,Public,83.0,89.0,91.0
A,Annual,IND,India,WEF_TTDI_TTDI_A_02,"Safety and Security, 1-7 (best)",IX_1T7,Score 1-7,WEF_TTDI_SCR,Type: Score,WEF_TTDI,Travel & Tourism Development Index (TTDI),0,Units,A,Normal value,PU,Public,5.225382179355671,5.046677653235686,5.062130097617544
A,Annual,IND,India,WEF_TTDI_TTDI_A_02,"Safety and Security, 1-7 (best)",IX_1T7,Score 1-7,WEF_TTDI_VAL,Type: Value,WEF_TTDI,Travel & Tourism Development Index (TTDI),0,Units,A,Normal value,PU,Public,5.225382179355671,5.046677653235686,5.062130097617544
A,Annual,IRL,Ireland,WEF_TTDI_TTDI_A_02,"Safety and Security, 1-7 (best)",IX_1T7,Score 1-7,WEF_TTDI_RNK,Type: Rank,WEF_TTDI,Travel & Tourism Development Index (TTDI),0,Units,A,Normal value,PU,Public,36.0,40.0,31.0
A,Annual,IRL,Ireland,WEF_TTDI_TTDI_A_02,"Safety and Security, 1-7 (best)",IX_1T7,Score 1-7,WEF_TTDI_SCR,Type: Score,WEF_TTDI,Travel & Tourism Development Index (TTDI),0,Units,A,Normal value,PU,Public,5.928082406600001,5.918735781600001,6.107432443364378
A,Annual,IRL,Ireland,WEF_TTDI_TTDI_A_02,"Safety and Security, 1-7 (best)",IX_1T7,Score 1-7,WEF_TTDI_VAL,Type: Value,WEF_TTDI,Travel & Tourism Development Index (TTDI),0,Units,A,Normal value,PU,Public,5.928082406600001,5.918735781600001,6.107432443364378
A,Annual,IRN,"Iran, Islamic Rep.",WEF_TTDI_TTDI_A_02,"Safety and Security, 1-7 (best)",IX_1T7,Score 1-7,WEF_TTDI_RNK,Type: Rank,WEF_TTDI,Travel & Tourism Development Index (TTDI),0,Units,A,Normal value,PU,Public,67.0,66.0,71.0
A,Annual,IRN,"Iran, Islamic Rep.",WEF_TTDI_TTDI_A_02,"Safety and Security, 1-7 (best)",IX_1T7,Score 1-7,WEF_TTDI_SCR,Type: Score,WEF_TTDI,Travel & Tourism Development Index (TTDI),0,Units,A,Normal value,PU,Public,5.484482509463015,5.551471326287421,5.393295460132886
A,Annual,IRN,"Iran, Islamic Rep.",WEF_TTDI_TTDI_A_02,"Safety and Security, 1-7 (best)",IX_1T7,Score 1-7,WEF_TTDI_VAL,Type: Value,WEF_TTDI,Travel & Tourism Development Index (TTDI),0,Units,A,Normal value,PU,Public,5.484482509463015,5.551471326287421,5.393295460132886
A,Annual,ISL,Iceland,WEF_TTDI_TTDI_A_02,"Safety and Security, 1-7 (best)",IX_1T7,Score 1-7,WEF_TTDI_RNK,Type: Rank,WEF_TTDI,Travel & Tourism Development Index (TTDI),0,Units,A,Normal value,PU,Public,3.0,3.0,3.0
A,Annual,ISL,Iceland,WEF_TTDI_TTDI_A_02,"Safety and Security, 1-7 (best)",IX_1T7,Score 1-7,WEF_TTDI_SCR,Type: Score,WEF_TTDI,Travel & Tourism Development Index (TTDI),0,Units,A,Normal value,PU,Public,6.636119387000001,6.63436123452,6.588397937002983
A,Annual,ISL,Iceland,WEF_TTDI_TTDI_A_02,"Safety and Security, 1-7 (best)",IX_1T7,Score 1-7,WEF_TTDI_VAL,Type: Value,WEF_TTDI,Travel & Tourism Development Index (TTDI),0,Units,A,Normal value,PU,Public,6.636119387000001,6.63436123452,6.588397937002983
A,Annual,ISR,Israel,WEF_TTDI_TTDI_A_02,"Safety and Security, 1-7 (best)",IX_1T7,Score 1-7,WEF_TTDI_RNK,Type: Rank,WEF_TTDI,Travel & Tourism Development Index (TTDI),0,Units,A,Normal value,PU,Public,106.0,67.0,93.0
A,Annual,ISR,Israel,WEF_TTDI_TTDI_A_02,"Safety and Security, 1-7 (best)",IX_1T7,Score 1-7,WEF_TTDI_SCR,Type: Score,WEF_TTDI,Travel & Tourism Development Index (TTDI),0,Units,A,Normal value,PU,Public,4.32933887524,5.550040927937963,5.044531666828114
A,Annual,ISR,Israel,WEF_TTDI_TTDI_A_02,"Safety and Security, 1-7 (best)",IX_1T7,Score 1-7,WEF_TTDI_VAL,Type: Value,WEF_TTDI,Travel & Tourism Development Index (TTDI),0,Units,A,Normal value,PU,Public,4.32933887524,5.550040927937963,5.044531666828114
A,Annual,ITA,Italy,WEF_TTDI_TTDI_A_02,"Safety and Security, 1-7 (best)",IX_1T7,Score 1-7,WEF_TTDI_RNK,Type: Rank,WEF_TTDI,Travel & Tourism Development Index (TTDI),0,Units,A,Normal value,PU,Public,60.0,50.0,52.0
A,Annual,ITA,Italy,WEF_TTDI_TTDI_A_02,"Safety and Security, 1-7 (best)",IX_1T7,Score 1-7,WEF_TTDI_SCR,Type: Score,WEF_TTDI,Travel & Tourism Development Index (TTDI),0,Units,A,Normal value,PU,Public,5.6103048090800005,5.78707797356,5.7897409645721165
A,Annual,ITA,Italy,WEF_TTDI_TTDI_A_02,"Safety and Security, 1-7 (best)",IX_1T7,Score 1-7,WEF_TTDI_VAL,Type: Value,WEF_TTDI,Travel & Tourism Development Index (TTDI),0,Units,A,Normal value,PU,Public,5.6103048090800005,5.78707797356,5.7897409645721165
A,Annual,JAM,Jamaica,WEF_TTDI_TTDI_A_02,"Safety and Security, 1-7 (best)",IX_1T7,Score 1-7,WEF_TTDI_RNK,Type: Rank,WEF_TTDI,Travel & Tourism Development Index (TTDI),0,Units,A,Normal value,PU,Public,107.0,109.0,109.0
A,Annual,JAM,Jamaica,WEF_TTDI_TTDI_A_02,"Safety and Security, 1-7 (best)",IX_1T7,Score 1-7,WEF_TTDI_SCR,Type: Score,WEF_TTDI,Travel & Tourism Development Index (TTDI),0,Units,A,Normal value,PU,Public,4.27408,4.52752,4.345000000000001
A,Annual,JAM,Jamaica,WEF_TTDI_TTDI_A_02,"Safety and Security, 1-7 (best)",IX_1T7,Score 1-7,WEF_TTDI_VAL,Type: Value,WEF_TTDI,Travel & Tourism Development Index (TTDI),0,Units,A,Normal value,PU,Public,4.27408,4.52752,4.345000000000001
A,Annual,JOR,Jordan,WEF_TTDI_TTDI_A_02,"Safety and Security, 1-7 (best)",IX_1T7,Score 1-7,WEF_TTDI_RNK,Type: Rank,WEF_TTDI,Travel & Tourism Development Index (TTDI),0,Units,A,Normal value,PU,Public,28.0,36.0,17.0
A,Annual,JOR,Jordan,WEF_TTDI_TTDI_A_02,"Safety and Security, 1-7 (best)",IX_1T7,Score 1-7,WEF_TTDI_SCR,Type: Score,WEF_TTDI,Travel & Tourism Development Index (TTDI),0,Units,A,Normal value,PU,Public,6.018764800337723,5.960476992894326,6.29513682011414
A,Annual,JOR,Jordan,WEF_TTDI_TTDI_A_02,"Safety and Security, 1-7 (best)",IX_1T7,Score 1-7,WEF_TTDI_VAL,Type: Value,WEF_TTDI,Travel & Tourism Development Index (TTDI),0,Units,A,Normal value,PU,Public,6.018764800337723,5.960476992894326,6.29513682011414
A,Annual,JPN,Japan,WEF_TTDI_TTDI_A_02,"Safety and Security, 1-7 (best)",IX_1T7,Score 1-7,WEF_TTDI_RNK,Type: Rank,WEF_TTDI,Travel & Tourism Development Index (TTDI),0,Units,A,Normal value,PU,Public,41.0,38.0,39.0
A,Annual,JPN,Japan,WEF_TTDI_TTDI_A_02,"Safety and Security, 1-7 (best)",IX_1T7,Score 1-7,WEF_TTDI_SCR,Type: Score,WEF_TTDI,Travel & Tourism Development Index (TTDI),0,Units,A,Normal value,PU,Public,5.85754653904,5.952817036160001,5.9830916423234015
A,Annual,JPN,Japan,WEF_TTDI_TTDI_A_02,"Safety and Security, 1-7 (best)",IX_1T7,Score 1-7,WEF_TTDI_VAL,Type: Value,WEF_TTDI,Travel & Tourism Development Index (TTDI),0,Units,A,Normal value,PU,Public,5.85754653904,5.952817036160001,5.9830916423234015
A,Annual,KAZ,Kazakhstan,WEF_TTDI_TTDI_A_02,"Safety and Security, 1-7 (best)",IX_1T7,Score 1-7,WEF_TTDI_RNK,Type: Rank,WEF_TTDI,Travel & Tourism Development Index (TTDI),0,Units,A,Normal value,PU,Public,65.0,55.0,60.0
A,Annual,KAZ,Kazakhstan,WEF_TTDI_TTDI_A_02,"Safety and Security, 1-7 (best)",IX_1T7,Score 1-7,WEF_TTDI_SCR,Type: Score,WEF_TTDI,Travel & Tourism Development Index (TTDI),0,Units,A,Normal value,PU,Public,5.5252066292,5.7294466292,5.687281523557077
A,Annual,KAZ,Kazakhstan,WEF_TTDI_TTDI_A_02,"Safety and Security, 1-7 (best)",IX_1T7,Score 1-7,WEF_TTDI_VAL,Type: Value,WEF_TTDI,Travel & Tourism Development Index (TTDI),0,Units,A,Normal value,PU,Public,5.5252066292,5.7294466292,5.687281523557077
A,Annual,KEN,Kenya,WEF_TTDI_TTDI_A_02,"Safety and Security, 1-7 (best)",IX_1T7,Score 1-7,WEF_TTDI_RNK,Type: Rank,WEF_TTDI,Travel & Tourism Development Index (TTDI),0,Units,A,Normal value,PU,Public,97.0,101.0,105.0
A,Annual,KEN,Kenya,WEF_TTDI_TTDI_A_02,"Safety and Security, 1-7 (best)",IX_1T7,Score 1-7,WEF_TTDI_SCR,Type: Score,WEF_TTDI,Travel & Tourism Development Index (TTDI),0,Units,A,Normal value,PU,Public,4.78996155998185,4.86719234419845,4.613584480760448
A,Annual,KEN,Kenya,WEF_TTDI_TTDI_A_02,"Safety and Security, 1-7 (best)",IX_1T7,Score 1-7,WEF_TTDI_VAL,Type: Value,WEF_TTDI,Travel & Tourism Development Index (TTDI),0,Units,A,Normal value,PU,Public,4.78996155998185,4.86719234419845,4.613584480760448
A,Annual,KGZ,Kyrgyz Republic,WEF_TTDI_TTDI_A_02,"Safety and Security, 1-7 (best)",IX_1T7,Score 1-7,WEF_TTDI_RNK,Type: Rank,WEF_TTDI,Travel & Tourism Development Index (TTDI),0,Units,A,Normal value,PU,Public,85.0,70.0,62.0
A,Annual,KGZ,Kyrgyz Republic,WEF_TTDI_TTDI_A_02,"Safety and Security, 1-7 (best)",IX_1T7,Score 1-7,WEF_TTDI_SCR,Type: Score,WEF_TTDI,Travel & Tourism Development Index (TTDI),0,Units,A,Normal value,PU,Public,5.20789805296,5.49343689548,5.646800000000001
A,Annual,KGZ,Kyrgyz Republic,WEF_TTDI_TTDI_A_02,"Safety and Security, 1-7 (best)",IX_1T7,Score 1-7,WEF_TTDI_VAL,Type: Value,WEF_TTDI,Travel & Tourism Development Index (TTDI),0,Units,A,Normal value,PU,Public,5.20789805296,5.49343689548,5.646800000000001
A,Annual,KHM,Cambodia,WEF_TTDI_TTDI_A_02,"Safety and Security, 1-7 (best)",IX_1T7,Score 1-7,WEF_TTDI_RNK,Type: Rank,WEF_TTDI,Travel & Tourism Development Index (TTDI),0,Units,A,Normal value,PU,Public,38.0,44.0,29.0
A,Annual,KHM,Cambodia,WEF_TTDI_TTDI_A_02,"Safety and Security, 1-7 (best)",IX_1T7,Score 1-7,WEF_TTDI_SCR,Type: Score,WEF_TTDI,Travel & Tourism Development Index (TTDI),0,Units,A,Normal value,PU,Public,5.88899955684,5.90627955684,6.136
A,Annual,KHM,Cambodia,WEF_TTDI_TTDI_A_02,"Safety and Security, 1-7 (best)",IX_1T7,Score 1-7,WEF_TTDI_VAL,Type: Value,WEF_TTDI,Travel & Tourism Development Index (TTDI),0,Units,A,Normal value,PU,Public,5.88899955684,5.90627955684,6.136
A,Annual,KOR,"Korea, Rep.",WEF_TTDI_TTDI_A_02,"Safety and Security, 1-7 (best)",IX_1T7,Score 1-7,WEF_TTDI_RNK,Type: Rank,WEF_TTDI,Travel & Tourism Development Index (TTDI),0,Units,A,Normal value,PU,Public,34.0,31.0,19.0
A,Annual,KOR,"Korea, Rep.",WEF_TTDI_TTDI_A_02,"Safety and Security, 1-7 (best)",IX_1T7,Score 1-7,WEF_TTDI_SCR,Type: Score,WEF_TTDI,Travel & Tourism Development Index (TTDI),0,Units,A,Normal value,PU,Public,5.932357081240001,5.98212602428,6.28916270299796
A,Annual,KOR,"South Korea",WEF_TTDI_TTDI_A_02,"Safety and Security, 1-7 (best)",IX_1T7,Score 1-7,WEF_TTDI_VAL,Type: Value,WEF_TTDI,Travel & Tourism Development Index (TTDI),0,Units,A,Normal value,PU,Public,5.932357081240001,5.98212602428,6.28916270299796
A,Annual,KWT,Kuwait,WEF_TTDI_TTDI_A_02,"Safety and Security, 1-7 (best)",IX_1T7,Score 1-7,WEF_TTDI_RNK,Type: Rank,WEF_TTDI,Travel & Tourism Development Index (TTDI),0,Units,A,Normal value,PU,Public,30.0,14.0,7.0
A,Annual,KWT,Kuwait,WEF_TTDI_TTDI_A_02,"Safety and Security, 1-7 (best)",IX_1T7,Score 1-7,WEF_TTDI_SCR,Type: Score,WEF_TTDI,Travel & Tourism Development Index (TTDI),0,Units,A,Normal value,PU,Public,5.9913943962187535,6.251024925,6.529194999944435
A,Annual,KWT,Kuwait,WEF_TTDI_TTDI_A_02,"Safety and Security, 1-7 (best)",IX_1T7,Score 1-7,WEF_TTDI_VAL,Type: Value,WEF_TTDI,Travel & Tourism Development Index (TTDI),0,Units,A,Normal value,PU,Public,5.9913943962187535,6.251024925,6.529194999944435
A,Annual,LAO,Lao PDR,WEF_TTDI_TTDI_A_02,"Safety and Security, 1-7 (best)",IX_1T7,Score 1-7,WEF_TTDI_RNK,Type: Rank,WEF_TTDI,Travel & Tourism Development Index (TTDI),0,Units,A,Normal value,PU,Public,46.0,46.0,46.0
A,Annual,LAO,Lao PDR,WEF_TTDI_TTDI_A_02,"Safety and Security, 1-7 (best)",IX_1T7,Score 1-7,WEF_TTDI_SCR,Type: Score,WEF_TTDI,Travel & Tourism Development Index (TTDI),0,Units,A,Normal value,PU,Public,5.805400000000001,5.87252,5.8952
A,Annual,LAO,Lao PDR,WEF_TTDI_TTDI_A_02,"Safety and Security, 1-7 (best)",IX_1T7,Score 1-7,WEF_TTDI_VAL,Type: Value,WEF_TTDI,Travel & Tourism Development Index (TTDI),0,Units,A,Normal value,PU,Public,5.805400000000001,5.87252,5.8952
A,Annual,LBN,Lebanon,WEF_TTDI_TTDI_A_02,"Safety and Security, 1-7 (best)",IX_1T7,Score 1-7,WEF_TTDI_RNK,Type: Rank,WEF_TTDI,Travel & Tourism Development Index (TTDI),0,Units,A,Normal value,PU,Public,105.0,91.0,94.0
A,Annual,LBN,Lebanon,WEF_TTDI_TTDI_A_02,"Safety and Security, 1-7 (best)",IX_1T7,Score 1-7,WEF_TTDI_SCR,Type: Score,WEF_TTDI,Travel & Tourism Development Index (TTDI),0,Units,A,Normal value,PU,Public,4.3495230622003,4.997381245569801,5.023380343554516
A,Annual,LBN,Lebanon,WEF_TTDI_TTDI_A_02,"Safety and Security, 1-7 (best)",IX_1T7,Score 1-7,WEF_TTDI_VAL,Type: Value,WEF_TTDI,Travel & Tourism Development Index (TTDI),0,Units,A,Normal value,PU,Public,4.3495230622003,4.997381245569801,5.023380343554516
A,Annual,LIC,Low income,WEF_TTDI_TTDI_A_02,"Safety and Security, 1-7 (best)",IX_1T7,Score 1-7,WEF_TTDI_SCR,Type: Score,WEF_TTDI,Travel & Tourism Development Index (TTDI),0,Units,A,Normal value,PU,Public,5.254646244773674,5.064048916234333,5.100520693606157
A,Annual,LIC,Low income,WEF_TTDI_TTDI_A_02,"Safety and Security, 1-7 (best)",IX_1T7,Score 1-7,WEF_TTDI_VAL,Type: Value,WEF_TTDI,Travel & Tourism Development Index (TTDI),0,Units,A,Normal value,PU,Public,5.254646244773674,5.064048916234333,5.100520693606157
A,Annual,LKA,Sri Lanka,WEF_TTDI_TTDI_A_02,"Safety and Security, 1-7 (best)",IX_1T7,Score 1-7,WEF_TTDI_RNK,Type: Rank,WEF_TTDI,Travel & Tourism Development Index (TTDI),0,Units,A,Normal value,PU,Public,71.0,81.0,87.0
A,Annual,LKA,Sri Lanka,WEF_TTDI_TTDI_A_02,"Safety and Security, 1-7 (best)",IX_1T7,Score 1-7,WEF_TTDI_SCR,Type: Score,WEF_TTDI,Travel & Tourism Development Index (TTDI),0,Units,A,Normal value,PU,Public,5.408109521214952,5.234896626805406,5.20705397380615
A,Annual,LKA,Sri Lanka,WEF_TTDI_TTDI_A_02,"Safety and Security, 1-7 (best)",IX_1T7,Score 1-7,WEF_TTDI_VAL,Type: Value,WEF_TTDI,Travel & Tourism Development Index (TTDI),0,Units,A,Normal value,PU,Public,5.408109521214952,5.234896626805406,5.20705397380615
A,Annual,LMC,Lower middle income,WEF_TTDI_TTDI_A_02,"Safety and Security, 1-7 (best)",IX_1T7,Score 1-7,WEF_TTDI_SCR,Type: Score,WEF_TTDI,Travel & Tourism Development Index (TTDI),0,Units,A,Normal value,PU,Public,5.15427748299907,5.198521462048962,5.244750932364282
A,Annual,LMC,Lower middle income,WEF_TTDI_TTDI_A_02,"Safety and Security, 1-7 (best)",IX_1T7,Score 1-7,WEF_TTDI_VAL,Type: Value,WEF_TTDI,Travel & Tourism Development Index (TTDI),0,Units,A,Normal value,PU,Public,5.15427748299907,5.198521462048962,5.244750932364282
A,Annual,LTU,Lithuania,WEF_TTDI_TTDI_A_02,"Safety and Security, 1-7 (best)",IX_1T7,Score 1-7,WEF_TTDI_RNK,Type: Rank,WEF_TTDI,Travel & Tourism Development Index (TTDI),0,Units,A,Normal value,PU,Public,45.0,33.0,45.0
A,Annual,LTU,Lithuania,WEF_TTDI_TTDI_A_02,"Safety and Security, 1-7 (best)",IX_1T7,Score 1-7,WEF_TTDI_SCR,Type: Score,WEF_TTDI,Travel & Tourism Development Index (TTDI),0,Units,A,Normal value,PU,Public,5.81320268172,5.97974575832,5.935690118125685
A,Annual,LTU,Lithuania,WEF_TTDI_TTDI_A_02,"Safety and Security, 1-7 (best)",IX_1T7,Score 1-7,WEF_TTDI_VAL,Type: Value,WEF_TTDI,Travel & Tourism Development Index (TTDI),0,Units,A,Normal value,PU,Public,5.81320268172,5.97974575832,5.935690118125685
A,Annual,LUX,Luxembourg,WEF_TTDI_TTDI_A_02,"Safety and Security, 1-7 (best)",IX_1T7,Score 1-7,WEF_TTDI_RNK,Type: Rank,WEF_TTDI,Travel & Tourism Development Index (TTDI),0,Units,A,Normal value,PU,Public,11.0,8.0,6.0
A,Annual,LUX,Luxembourg,WEF_TTDI_TTDI_A_02,"Safety and Security, 1-7 (best)",IX_1T7,Score 1-7,WEF_TTDI_SCR,Type: Score,WEF_TTDI,Travel & Tourism Development Index (TTDI),0,Units,A,Normal value,PU,Public,6.34538263852,6.5331109747200005,6.536456648392904
A,Annual,LUX,Luxembourg,WEF_TTDI_TTDI_A_02,"Safety and Security, 1-7 (best)",IX_1T7,Score 1-7,WEF_TTDI_VAL,Type: Value,WEF_TTDI,Travel & Tourism Development Index (TTDI),0,Units,A,Normal value,PU,Public,6.34538263852,6.5331109747200005,6.536456648392904
A,Annual,LVA,Latvia,WEF_TTDI_TTDI_A_02,"Safety and Security, 1-7 (best)",IX_1T7,Score 1-7,WEF_TTDI_RNK,Type: Rank,WEF_TTDI,Travel & Tourism Development Index (TTDI),0,Units,A,Normal value,PU,Public,58.0,59.0,35.0
A,Annual,LVA,Latvia,WEF_TTDI_TTDI_A_02,"Safety and Security, 1-7 (best)",IX_1T7,Score 1-7,WEF_TTDI_SCR,Type: Score,WEF_TTDI,Travel & Tourism Development Index (TTDI),0,Units,A,Normal value,PU,Public,5.62024113816,5.70196780136,6.053329853104644
A,Annual,LVA,Latvia,WEF_TTDI_TTDI_A_02,"Safety and Security, 1-7 (best)",IX_1T7,Score 1-7,WEF_TTDI_VAL,Type: Value,WEF_TTDI,Travel & Tourism Development Index (TTDI),0,Units,A,Normal value,PU,Public,5.62024113816,5.70196780136,6.053329853104644
A,Annual,MAR,Morocco,WEF_TTDI_TTDI_A_02,"Safety and Security, 1-7 (best)",IX_1T7,Score 1-7,WEF_TTDI_RNK,Type: Rank,WEF_TTDI,Travel & Tourism Development Index (TTDI),0,Units,A,Normal value,PU,Public,32.0,60.0,56.0
A,Annual,MAR,Morocco,WEF_TTDI_TTDI_A_02,"Safety and Security, 1-7 (best)",IX_1T7,Score 1-7,WEF_TTDI_SCR,Type: Score,WEF_TTDI,Travel & Tourism Development Index (TTDI),0,Units,A,Normal value,PU,Public,5.98279832528,5.675252009057651,5.748350861671684
A,Annual,MAR,Morocco,WEF_TTDI_TTDI_A_02,"Safety and Security, 1-7 (best)",IX_1T7,Score 1-7,WEF_TTDI_VAL,Type: Value,WEF_TTDI,Travel & Tourism Development Index (TTDI),0,Units,A,Normal value,PU,Public,5.98279832528,5.675252009057651,5.748350861671684
A,Annual,MDA,Moldova,WEF_TTDI_TTDI_A_02,"Safety and Security, 1-7 (best)",IX_1T7,Score 1-7,WEF_TTDI_RNK,Type: Rank,WEF_TTDI,Travel & Tourism Development Index (TTDI),0,Units,A,Normal value,PU,Public,89.0,56.0,50.0
A,Annual,MDA,Moldova,WEF_TTDI_TTDI_A_02,"Safety and Security, 1-7 (best)",IX_1T7,Score 1-7,WEF_TTDI_SCR,Type: Score,WEF_TTDI,Travel & Tourism Development Index (TTDI),0,Units,A,Normal value,PU,Public,5.02076706292,5.719288283919999,5.799410550993291
A,Annual,MDA,Moldova,WEF_TTDI_TTDI_A_02,"Safety and Security, 1-7 (best)",IX_1T7,Score 1-7,WEF_TTDI_VAL,Type: Value,WEF_TTDI,Travel & Tourism Development Index (TTDI),0,Units,A,Normal value,PU,Public,5.02076706292,5.719288283919999,5.799410550993291
A,Annual,MEX,Mexico,WEF_TTDI_TTDI_A_02,"Safety and Security, 1-7 (best)",IX_1T7,Score 1-7,WEF_TTDI_RNK,Type: Rank,WEF_TTDI,Travel & Tourism Development Index (TTDI),0,Units,A,Normal value,PU,Public,117.0,119.0,119.0
A,Annual,MEX,Mexico,WEF_TTDI_TTDI_A_02,"Safety and Security, 1-7 (best)",IX_1T7,Score 1-7,WEF_TTDI_SCR,Type: Score,WEF_TTDI,Travel & Tourism Development Index (TTDI),0,Units,A,Normal value,PU,Public,3.12199634593727,2.3342375348,2.773613880506724
A,Annual,MEX,Mexico,WEF_TTDI_TTDI_A_02,"Safety and Security, 1-7 (best)",IX_1T7,Score 1-7,WEF_TTDI_VAL,Type: Value,WEF_TTDI,Travel & Tourism Development Index (TTDI),0,Units,A,Normal value,PU,Public,3.12199634593727,2.3342375348,2.773613880506724
A,Annual,MKD,North Macedonia,WEF_TTDI_TTDI_A_02,"Safety and Security, 1-7 (best)",IX_1T7,Score 1-7,WEF_TTDI_RNK,Type: Rank,WEF_TTDI,Travel & Tourism Development Index (TTDI),0,Units,A,Normal value,PU,Public,44.0,65.0,41.0
A,Annual,MKD,North Macedonia,WEF_TTDI_TTDI_A_02,"Safety and Security, 1-7 (best)",IX_1T7,Score 1-7,WEF_TTDI_SCR,Type: Score,WEF_TTDI,Travel & Tourism Development Index (TTDI),0,Units,A,Normal value,PU,Public,5.82059463844,5.60439132772,5.979592238299934
A,Annual,MKD,North Macedonia,WEF_TTDI_TTDI_A_02,"Safety and Security, 1-7 (best)",IX_1T7,Score 1-7,WEF_TTDI_VAL,Type: Value,WEF_TTDI,Travel & Tourism Development Index (TTDI),0,Units,A,Normal value,PU,Public,5.82059463844,5.60439132772,5.979592238299934
A,Annual,MLI,Mali,WEF_TTDI_TTDI_A_02,"Safety and Security, 1-7 (best)",IX_1T7,Score 1-7,WEF_TTDI_RNK,Type: Rank,WEF_TTDI,Travel & Tourism Development Index (TTDI),0,Units,A,Normal value,PU,Public,112.0,117.0,118.0
A,Annual,MLI,Mali,WEF_TTDI_TTDI_A_02,"Safety and Security, 1-7 (best)",IX_1T7,Score 1-7,WEF_TTDI_SCR,Type: Score,WEF_TTDI,Travel & Tourism Development Index (TTDI),0,Units,A,Normal value,PU,Public,3.641187370152253,3.1927200000000004,2.9541600000000003
A,Annual,MLI,Mali,WEF_TTDI_TTDI_A_02,"Safety and Security, 1-7 (best)",IX_1T7,Score 1-7,WEF_TTDI_VAL,Type: Value,WEF_TTDI,Travel & Tourism Development Index (TTDI),0,Units,A,Normal value,PU,Public,3.641187370152253,3.1927200000000004,2.9541600000000003
A,Annual,MLT,Malta,WEF_TTDI_TTDI_A_02,"Safety and Security, 1-7 (best)",IX_1T7,Score 1-7,WEF_TTDI_RNK,Type: Rank,WEF_TTDI,Travel & Tourism Development Index (TTDI),0,Units,A,Normal value,PU,Public,22.0,24.0,22.0
A,Annual,MLT,Malta,WEF_TTDI_TTDI_A_02,"Safety and Security, 1-7 (best)",IX_1T7,Score 1-7,WEF_TTDI_SCR,Type: Score,WEF_TTDI,Travel & Tourism Development Index (TTDI),0,Units,A,Normal value,PU,Public,6.06404794476,6.06288215732,6.231295671997995
A,Annual,MLT,Malta,WEF_TTDI_TTDI_A_02,"Safety and Security, 1-7 (best)",IX_1T7,Score 1-7,WEF_TTDI_VAL,Type: Value,WEF_TTDI,Travel & Tourism Development Index (TTDI),0,Units,A,Normal value,PU,Public,6.06404794476,6.06288215732,6.231295671997995
A,Annual,MNE,Montenegro,WEF_TTDI_TTDI_A_02,"Safety and Security, 1-7 (best)",IX_1T7,Score 1-7,WEF_TTDI_RNK,Type: Rank,WEF_TTDI,Travel & Tourism Development Index (TTDI),0,Units,A,Normal value,PU,Public,42.0,22.0,30.0
A,Annual,MNE,Montenegro,WEF_TTDI_TTDI_A_02,"Safety and Security, 1-7 (best)",IX_1T7,Score 1-7,WEF_TTDI_SCR,Type: Score,WEF_TTDI,Travel & Tourism Development Index (TTDI),0,Units,A,Normal value,PU,Public,5.84188878368,6.08040004396,6.124437066632051
A,Annual,MNE,Montenegro,WEF_TTDI_TTDI_A_02,"Safety and Security, 1-7 (best)",IX_1T7,Score 1-7,WEF_TTDI_VAL,Type: Value,WEF_TTDI,Travel & Tourism Development Index (TTDI),0,Units,A,Normal value,PU,Public,5.84188878368,6.08040004396,6.124437066632051
A,Annual,MNG,Mongolia,WEF_TTDI_TTDI_A_02,"Safety and Security, 1-7 (best)",IX_1T7,Score 1-7,WEF_TTDI_RNK,Type: Rank,WEF_TTDI,Travel & Tourism Development Index (TTDI),0,Units,A,Normal value,PU,Public,76.0,75.0,84.0
A,Annual,MNG,Mongolia,WEF_TTDI_TTDI_A_02,"Safety and Security, 1-7 (best)",IX_1T7,Score 1-7,WEF_TTDI_SCR,Type: Score,WEF_TTDI,Travel & Tourism Development Index (TTDI),0,Units,A,Normal value,PU,Public,5.34919051368,5.40269808284,5.253866925345359
A,Annual,MNG,Mongolia,WEF_TTDI_TTDI_A_02,"Safety and Security, 1-7 (best)",IX_1T7,Score 1-7,WEF_TTDI_VAL,Type: Value,WEF_TTDI,Travel & Tourism Development Index (TTDI),0,Units,A,Normal value,PU,Public,5.34919051368,5.40269808284,5.253866925345359
A,Annual,MUS,Mauritius,WEF_TTDI_TTDI_A_02,"Safety and Security, 1-7 (best)",IX_1T7,Score 1-7,WEF_TTDI_RNK,Type: Rank,WEF_TTDI,Travel & Tourism Development Index (TTDI),0,Units,A,Normal value,PU,Public,23.0,26.0,34.0
A,Annual,MUS,Mauritius,WEF_TTDI_TTDI_A_02,"Safety and Security, 1-7 (best)",IX_1T7,Score 1-7,WEF_TTDI_SCR,Type: Score,WEF_TTDI,Travel & Tourism Development Index (TTDI),0,Units,A,Normal value,PU,Public,6.06343212852,6.02820559604,6.055297188537044
A,Annual,MUS,Mauritius,WEF_TTDI_TTDI_A_02,"Safety and Security, 1-7 (best)",IX_1T7,Score 1-7,WEF_TTDI_VAL,Type: Value,WEF_TTDI,Travel & Tourism Development Index (TTDI),0,Units,A,Normal value,PU,Public,6.06343212852,6.02820559604,6.055297188537044
A,Annual,MWI,Malawi,WEF_TTDI_TTDI_A_02,"Safety and Security, 1-7 (best)",IX_1T7,Score 1-7,WEF_TTDI_RNK,Type: Rank,WEF_TTDI,Travel & Tourism Development Index (TTDI),0,Units,A,Normal value,PU,Public,66.0,74.0,69.0
A,Annual,MWI,Malawi,WEF_TTDI_TTDI_A_02,"Safety and Security, 1-7 (best)",IX_1T7,Score 1-7,WEF_TTDI_SCR,Type: Score,WEF_TTDI,Travel & Tourism Development Index (TTDI),0,Units,A,Normal value,PU,Public,5.492553687,5.411313687000001,5.5328
A,Annual,MWI,Malawi,WEF_TTDI_TTDI_A_02,"Safety and Security, 1-7 (best)",IX_1T7,Score 1-7,WEF_TTDI_VAL,Type: Value,WEF_TTDI,Travel & Tourism Development Index (TTDI),0,Units,A,Normal value,PU,Public,5.492553687,5.411313687000001,5.5328
A,Annual,MYS,Malaysia,WEF_TTDI_TTDI_A_02,"Safety and Security, 1-7 (best)",IX_1T7,Score 1-7,WEF_TTDI_RNK,Type: Rank,WEF_TTDI,Travel & Tourism Development Index (TTDI),0,Units,A,Normal value,PU,Public,86.0,49.0,47.0
A,Annual,MYS,Malaysia,WEF_TTDI_TTDI_A_02,"Safety and Security, 1-7 (best)",IX_1T7,Score 1-7,WEF_TTDI_SCR,Type: Score,WEF_TTDI,Travel & Tourism Development Index (TTDI),0,Units,A,Normal value,PU,Public,5.180705752771019,5.838905752771019,5.878208916950259
A,Annual,MYS,Malaysia,WEF_TTDI_TTDI_A_02,"Safety and Security, 1-7 (best)",IX_1T7,Score 1-7,WEF_TTDI_VAL,Type: Value,WEF_TTDI,Travel & Tourism Development Index (TTDI),0,Units,A,Normal value,PU,Public,5.180705752771019,5.838905752771019,5.878208916950259
A,Annual,NAM,Namibia,WEF_TTDI_TTDI_A_02,"Safety and Security, 1-7 (best)",IX_1T7,Score 1-7,WEF_TTDI_RNK,Type: Rank,WEF_TTDI,Travel & Tourism Development Index (TTDI),0,Units,A,Normal value,PU,Public,91.0,103.0,89.0
A,Annual,NAM,Namibia,WEF_TTDI_TTDI_A_02,"Safety and Security, 1-7 (best)",IX_1T7,Score 1-7,WEF_TTDI_SCR,Type: Score,WEF_TTDI,Travel & Tourism Development Index (TTDI),0,Units,A,Normal value,PU,Public,4.9578666556,4.8078666556,5.137005908344188
A,Annual,NAM,Namibia,WEF_TTDI_TTDI_A_02,"Safety and Security, 1-7 (best)",IX_1T7,Score 1-7,WEF_TTDI_VAL,Type: Value,WEF_TTDI,Travel & Tourism Development Index (TTDI),0,Units,A,Normal value,PU,Public,4.9578666556,4.8078666556,5.137005908344188
A,Annual,NGA,Nigeria,WEF_TTDI_TTDI_A_02,"Safety and Security, 1-7 (best)",IX_1T7,Score 1-7,WEF_TTDI_RNK,Type: Rank,WEF_TTDI,Travel & Tourism Development Index (TTDI),0,Units,A,Normal value,PU,Public,119.0,118.0,117.0
A,Annual,NGA,Nigeria,WEF_TTDI_TTDI_A_02,"Safety and Security, 1-7 (best)",IX_1T7,Score 1-7,WEF_TTDI_SCR,Type: Score,WEF_TTDI,Travel & Tourism Development Index (TTDI),0,Units,A,Normal value,PU,Public,2.4868644670351308,3.0065176583049604,3.2811721627459933
A,Annual,NGA,Nigeria,WEF_TTDI_TTDI_A_02,"Safety and Security, 1-7 (best)",IX_1T7,Score 1-7,WEF_TTDI_VAL,Type: Value,WEF_TTDI,Travel & Tourism Development Index (TTDI),0,Units,A,Normal value,PU,Public,2.4868644670351308,3.0065176583049604,3.2811721627459933
A,Annual,NIC,Nicaragua,WEF_TTDI_TTDI_A_02,"Safety and Security, 1-7 (best)",IX_1T7,Score 1-7,WEF_TTDI_RNK,Type: Rank,WEF_TTDI,Travel & Tourism Development Index (TTDI),0,Units,A,Normal value,PU,Public,72.0,85.0,79.0
A,Annual,NIC,Nicaragua,WEF_TTDI_TTDI_A_02,"Safety and Security, 1-7 (best)",IX_1T7,Score 1-7,WEF_TTDI_SCR,Type: Score,WEF_TTDI,Travel & Tourism Development Index (TTDI),0,Units,A,Normal value,PU,Public,5.40792208388,5.154962083879999,5.314742735609164
A,Annual,NIC,Nicaragua,WEF_TTDI_TTDI_A_02,"Safety and Security, 1-7 (best)",IX_1T7,Score 1-7,WEF_TTDI_VAL,Type: Value,WEF_TTDI,Travel & Tourism Development Index (TTDI),0,Units,A,Normal value,PU,Public,5.40792208388,5.154962083879999,5.314742735609164
A,Annual,NLD,Netherlands,WEF_TTDI_TTDI_A_02,"Safety and Security, 1-7 (best)",IX_1T7,Score 1-7,WEF_TTDI_RNK,Type: Rank,WEF_TTDI,Travel & Tourism Development Index (TTDI),0,Units,A,Normal value,PU,Public,15.0,21.0,24.0
A,Annual,NLD,Netherlands,WEF_TTDI_TTDI_A_02,"Safety and Security, 1-7 (best)",IX_1T7,Score 1-7,WEF_TTDI_SCR,Type: Score,WEF_TTDI,Travel & Tourism Development Index (TTDI),0,Units,A,Normal value,PU,Public,6.20265797716,6.083872736400001,6.179545381463184
A,Annual,NLD,Netherlands,WEF_TTDI_TTDI_A_02,"Safety and Security, 1-7 (best)",IX_1T7,Score 1-7,WEF_TTDI_VAL,Type: Value,WEF_TTDI,Travel & Tourism Development Index (TTDI),0,Units,A,Normal value,PU,Public,6.20265797716,6.083872736400001,6.179545381463184
A,Annual,NPL,Nepal,WEF_TTDI_TTDI_A_02,"Safety and Security, 1-7 (best)",IX_1T7,Score 1-7,WEF_TTDI_RNK,Type: Rank,WEF_TTDI,Travel & Tourism Development Index (TTDI),0,Units,A,Normal value,PU,Public,78.0,83.0,72.0
A,Annual,NPL,Nepal,WEF_TTDI_TTDI_A_02,"Safety and Security, 1-7 (best)",IX_1T7,Score 1-7,WEF_TTDI_SCR,Type: Score,WEF_TTDI,Travel & Tourism Development Index (TTDI),0,Units,A,Normal value,PU,Public,5.29760864016,5.2009600489870405,5.391047019898691
A,Annual,NPL,Nepal,WEF_TTDI_TTDI_A_02,"Safety and Security, 1-7 (best)",IX_1T7,Score 1-7,WEF_TTDI_VAL,Type: Value,WEF_TTDI,Travel & Tourism Development Index (TTDI),0,Units,A,Normal value,PU,Public,5.29760864016,5.2009600489870405,5.391047019898691
A,Annual,NZL,New Zealand,WEF_TTDI_TTDI_A_02,"Safety and Security, 1-7 (best)",IX_1T7,Score 1-7,WEF_TTDI_RNK,Type: Rank,WEF_TTDI,Travel & Tourism Development Index (TTDI),0,Units,A,Normal value,PU,Public,16.0,54.0,63.0
A,Annual,NZL,New Zealand,WEF_TTDI_TTDI_A_02,"Safety and Security, 1-7 (best)",IX_1T7,Score 1-7,WEF_TTDI_SCR,Type: Score,WEF_TTDI,Travel & Tourism Development Index (TTDI),0,Units,A,Normal value,PU,Public,6.157754774679999,5.74478561964,5.61782747686747
A,Annual,NZL,New Zealand,WEF_TTDI_TTDI_A_02,"Safety and Security, 1-7 (best)",IX_1T7,Score 1-7,WEF_TTDI_VAL,Type: Value,WEF_TTDI,Travel & Tourism Development Index (TTDI),0,Units,A,Normal value,PU,Public,6.157754774679999,5.74478561964,5.61782747686747
A,Annual,OMN,Oman,WEF_TTDI_TTDI_A_02,"Safety and Security, 1-7 (best)",IX_1T7,Score 1-7,WEF_TTDI_RNK,Type: Rank,WEF_TTDI,Travel & Tourism Development Index (TTDI),0,Units,A,Normal value,PU,Public,12.0,11.0,16.0
A,Annual,OMN,Oman,WEF_TTDI_TTDI_A_02,"Safety and Security, 1-7 (best)",IX_1T7,Score 1-7,WEF_TTDI_SCR,Type: Score,WEF_TTDI,Travel & Tourism Development Index (TTDI),0,Units,A,Normal value,PU,Public,6.34485753484,6.35016455912,6.351198273790716
A,Annual,OMN,Oman,WEF_TTDI_TTDI_A_02,"Safety and Security, 1-7 (best)",IX_1T7,Score 1-7,WEF_TTDI_VAL,Type: Value,WEF_TTDI,Travel & Tourism Development Index (TTDI),0,Units,A,Normal value,PU,Public,6.34485753484,6.35016455912,6.351198273790716
A,Annual,PAK,Pakistan,WEF_TTDI_TTDI_A_02,"Safety and Security, 1-7 (best)",IX_1T7,Score 1-7,WEF_TTDI_RNK,Type: Rank,WEF_TTDI,Travel & Tourism Development Index (TTDI),0,Units,A,Normal value,PU,Public,108.0,108.0,106.0
A,Annual,PAK,Pakistan,WEF_TTDI_TTDI_A_02,"Safety and Security, 1-7 (best)",IX_1T7,Score 1-7,WEF_TTDI_SCR,Type: Score,WEF_TTDI,Travel & Tourism Development Index (TTDI),0,Units,A,Normal value,PU,Public,4.23044873107781,4.63942195579953,4.526505171082148
A,Annual,PAK,Pakistan,WEF_TTDI_TTDI_A_02,"Safety and Security, 1-7 (best)",IX_1T7,Score 1-7,WEF_TTDI_VAL,Type: Value,WEF_TTDI,Travel & Tourism Development Index (TTDI),0,Units,A,Normal value,PU,Public,4.23044873107781,4.63942195579953,4.526505171082148
A,Annual,PAN,Panama,WEF_TTDI_TTDI_A_02,"Safety and Security, 1-7 (best)",IX_1T7,Score 1-7,WEF_TTDI_RNK,Type: Rank,WEF_TTDI,Travel & Tourism Development Index (TTDI),0,Units,A,Normal value,PU,Public,81.0,79.0,85.0
A,Annual,PAN,Panama,WEF_TTDI_TTDI_A_02,"Safety and Security, 1-7 (best)",IX_1T7,Score 1-7,WEF_TTDI_SCR,Type: Score,WEF_TTDI,Travel & Tourism Development Index (TTDI),0,Units,A,Normal value,PU,Public,5.254599171200001,5.257319101519999,5.234400136787744
A,Annual,PAN,Panama,WEF_TTDI_TTDI_A_02,"Safety and Security, 1-7 (best)",IX_1T7,Score 1-7,WEF_TTDI_VAL,Type: Value,WEF_TTDI,Travel & Tourism Development Index (TTDI),0,Units,A,Normal value,PU,Public,5.254599171200001,5.257319101519999,5.234400136787744
A,Annual,PER,Peru,WEF_TTDI_TTDI_A_02,"Safety and Security, 1-7 (best)",IX_1T7,Score 1-7,WEF_TTDI_RNK,Type: Rank,WEF_TTDI,Travel & Tourism Development Index (TTDI),0,Units,A,Normal value,PU,Public,102.0,105.0,104.0
A,Annual,PER,Peru,WEF_TTDI_TTDI_A_02,"Safety and Security, 1-7 (best)",IX_1T7,Score 1-7,WEF_TTDI_SCR,Type: Score,WEF_TTDI,Travel & Tourism Development Index (TTDI),0,Units,A,Normal value,PU,Public,4.598080549868543,4.785914934649985,4.725326144162691
A,Annual,PER,Peru,WEF_TTDI_TTDI_A_02,"Safety and Security, 1-7 (best)",IX_1T7,Score 1-7,WEF_TTDI_VAL,Type: Value,WEF_TTDI,Travel & Tourism Development Index (TTDI),0,Units,A,Normal value,PU,Public,4.598080549868543,4.785914934649985,4.725326144162691
A,Annual,PHL,Philippines,WEF_TTDI_TTDI_A_02,"Safety and Security, 1-7 (best)",IX_1T7,Score 1-7,WEF_TTDI_RNK,Type: Rank,WEF_TTDI,Travel & Tourism Development Index (TTDI),0,Units,A,Normal value,PU,Public,101.0,98.0,82.0
A,Annual,PHL,Philippines,WEF_TTDI_TTDI_A_02,"Safety and Security, 1-7 (best)",IX_1T7,Score 1-7,WEF_TTDI_SCR,Type: Score,WEF_TTDI,Travel & Tourism Development Index (TTDI),0,Units,A,Normal value,PU,Public,4.608627713766465,4.914278335718576,5.270402377266242
A,Annual,PHL,Philippines,WEF_TTDI_TTDI_A_02,"Safety and Security, 1-7 (best)",IX_1T7,Score 1-7,WEF_TTDI_VAL,Type: Value,WEF_TTDI,Travel & Tourism Development Index (TTDI),0,Units,A,Normal value,PU,Public,4.608627713766465,4.914278335718576,5.270402377266242
A,Annual,POL,Poland,WEF_TTDI_TTDI_A_02,"Safety and Security, 1-7 (best)",IX_1T7,Score 1-7,WEF_TTDI_RNK,Type: Rank,WEF_TTDI,Travel & Tourism Development Index (TTDI),0,Units,A,Normal value,PU,Public,31.0,18.0,40.0
A,Annual,POL,Poland,WEF_TTDI_TTDI_A_02,"Safety and Security, 1-7 (best)",IX_1T7,Score 1-7,WEF_TTDI_SCR,Type: Score,WEF_TTDI,Travel & Tourism Development Index (TTDI),0,Units,A,Normal value,PU,Public,5.986343811319999,6.162101812,5.981176095588657
A,Annual,POL,Poland,WEF_TTDI_TTDI_A_02,"Safety and Security, 1-7 (best)",IX_1T7,Score 1-7,WEF_TTDI_VAL,Type: Value,WEF_TTDI,Travel & Tourism Development Index (TTDI),0,Units,A,Normal value,PU,Public,5.986343811319999,6.162101812,5.981176095588657
A,Annual,PRT,Portugal,WEF_TTDI_TTDI_A_02,"Safety and Security, 1-7 (best)",IX_1T7,Score 1-7,WEF_TTDI_RNK,Type: Rank,WEF_TTDI,Travel & Tourism Development Index (TTDI),0,Units,A,Normal value,PU,Public,8.0,10.0,5.0
A,Annual,PRT,Portugal,WEF_TTDI_TTDI_A_02,"Safety and Security, 1-7 (best)",IX_1T7,Score 1-7,WEF_TTDI_SCR,Type: Score,WEF_TTDI,Travel & Tourism Development Index (TTDI),0,Units,A,Normal value,PU,Public,6.35943232992,6.44340932776,6.5481247116768415
A,Annual,PRT,Portugal,WEF_TTDI_TTDI_A_02,"Safety and Security, 1-7 (best)",IX_1T7,Score 1-7,WEF_TTDI_VAL,Type: Value,WEF_TTDI,Travel & Tourism Development Index (TTDI),0,Units,A,Normal value,PU,Public,6.35943232992,6.44340932776,6.5481247116768415
A,Annual,PRY,Paraguay,WEF_TTDI_TTDI_A_02,"Safety and Security, 1-7 (best)",IX_1T7,Score 1-7,WEF_TTDI_RNK,Type: Rank,WEF_TTDI,Travel & Tourism Development Index (TTDI),0,Units,A,Normal value,PU,Public,98.0,93.0,92.0
A,Annual,PRY,Paraguay,WEF_TTDI_TTDI_A_02,"Safety and Security, 1-7 (best)",IX_1T7,Score 1-7,WEF_TTDI_SCR,Type: Score,WEF_TTDI,Travel & Tourism Development Index (TTDI),0,Units,A,Normal value,PU,Public,4.73702616592,4.968619877086304,5.049658201843004
A,Annual,PRY,Paraguay,WEF_TTDI_TTDI_A_02,"Safety and Security, 1-7 (best)",IX_1T7,Score 1-7,WEF_TTDI_VAL,Type: Value,WEF_TTDI,Travel & Tourism Development Index (TTDI),0,Units,A,Normal value,PU,Public,4.73702616592,4.968619877086304,5.049658201843004
A,Annual,QAT,Qatar,WEF_TTDI_TTDI_A_02,"Safety and Security, 1-7 (best)",IX_1T7,Score 1-7,WEF_TTDI_RNK,Type: Rank,WEF_TTDI,Travel & Tourism Development Index (TTDI),0,Units,A,Normal value,PU,Public,2.0,2.0,2.0
A,Annual,QAT,Qatar,WEF_TTDI_TTDI_A_02,"Safety and Security, 1-7 (best)",IX_1T7,Score 1-7,WEF_TTDI_SCR,Type: Score,WEF_TTDI,Travel & Tourism Development Index (TTDI),0,Units,A,Normal value,PU,Public,6.76852110496,6.7736811049600005,6.776608313633295
A,Annual,QAT,Qatar,WEF_TTDI_TTDI_A_02,"Safety and Security, 1-7 (best)",IX_1T7,Score 1-7,WEF_TTDI_VAL,Type: Value,WEF_TTDI,Travel & Tourism Development Index (TTDI),0,Units,A,Normal value,PU,Public,6.76852110496,6.7736811049600005,6.776608313633295
A,Annual,ROU,Romania,WEF_TTDI_TTDI_A_02,"Safety and Security, 1-7 (best)",IX_1T7,Score 1-7,WEF_TTDI_RNK,Type: Rank,WEF_TTDI,Travel & Tourism Development Index (TTDI),0,Units,A,Normal value,PU,Public,29.0,57.0,59.0
A,Annual,ROU,Romania,WEF_TTDI_TTDI_A_02,"Safety and Security, 1-7 (best)",IX_1T7,Score 1-7,WEF_TTDI_SCR,Type: Score,WEF_TTDI,Travel & Tourism Development Index (TTDI),0,Units,A,Normal value,PU,Public,5.99317020168,5.7187340120400005,5.6976647742822015
A,Annual,ROU,Romania,WEF_TTDI_TTDI_A_02,"Safety and Security, 1-7 (best)",IX_1T7,Score 1-7,WEF_TTDI_VAL,Type: Value,WEF_TTDI,Travel & Tourism Development Index (TTDI),0,Units,A,Normal value,PU,Public,5.99317020168,5.7187340120400005,5.6976647742822015
A,Annual,RWA,Rwanda,WEF_TTDI_TTDI_A_02,"Safety and Security, 1-7 (best)",IX_1T7,Score 1-7,WEF_TTDI_RNK,Type: Rank,WEF_TTDI,Travel & Tourism Development Index (TTDI),0,Units,A,Normal value,PU,Public,9.0,28.0,15.0
A,Annual,RWA,Rwanda,WEF_TTDI_TTDI_A_02,"Safety and Security, 1-7 (best)",IX_1T7,Score 1-7,WEF_TTDI_SCR,Type: Score,WEF_TTDI,Travel & Tourism Development Index (TTDI),0,Units,A,Normal value,PU,Public,6.356922635462442,6.023800691457333,6.351334765440031
A,Annual,RWA,Rwanda,WEF_TTDI_TTDI_A_02,"Safety and Security, 1-7 (best)",IX_1T7,Score 1-7,WEF_TTDI_VAL,Type: Value,WEF_TTDI,Travel & Tourism Development Index (TTDI),0,Units,A,Normal value,PU,Public,6.356922635462442,6.023800691457333,6.351334765440031
A,Annual,SAU,Saudi Arabia,WEF_TTDI_TTDI_A_02,"Safety and Security, 1-7 (best)",IX_1T7,Score 1-7,WEF_TTDI_RNK,Type: Rank,WEF_TTDI,Travel & Tourism Development Index (TTDI),0,Units,A,Normal value,PU,Public,50.0,34.0,13.0
A,Annual,SAU,Saudi Arabia,WEF_TTDI_TTDI_A_02,"Safety and Security, 1-7 (best)",IX_1T7,Score 1-7,WEF_TTDI_SCR,Type: Score,WEF_TTDI,Travel & Tourism Development Index (TTDI),0,Units,A,Normal value,PU,Public,5.721703813162172,5.963834169147527,6.363352217167753
A,Annual,SAU,Saudi Arabia,WEF_TTDI_TTDI_A_02,"Safety and Security, 1-7 (best)",IX_1T7,Score 1-7,WEF_TTDI_VAL,Type: Value,WEF_TTDI,Travel & Tourism Development Index (TTDI),0,Units,A,Normal value,PU,Public,5.721703813162172,5.963834169147527,6.363352217167753
A,Annual,SEN,Senegal,WEF_TTDI_TTDI_A_02,"Safety and Security, 1-7 (best)",IX_1T7,Score 1-7,WEF_TTDI_RNK,Type: Rank,WEF_TTDI,Travel & Tourism Development Index (TTDI),0,Units,A,Normal value,PU,Public,63.0,45.0,70.0
A,Annual,SEN,Senegal,WEF_TTDI_TTDI_A_02,"Safety and Security, 1-7 (best)",IX_1T7,Score 1-7,WEF_TTDI_SCR,Type: Score,WEF_TTDI,Travel & Tourism Development Index (TTDI),0,Units,A,Normal value,PU,Public,5.547474038924406,5.876994038924406,5.510654765004405
A,Annual,SEN,Senegal,WEF_TTDI_TTDI_A_02,"Safety and Security, 1-7 (best)",IX_1T7,Score 1-7,WEF_TTDI_VAL,Type: Value,WEF_TTDI,Travel & Tourism Development Index (TTDI),0,Units,A,Normal value,PU,Public,5.547474038924406,5.876994038924406,5.510654765004405
A,Annual,SGP,Singapore,WEF_TTDI_TTDI_A_02,"Safety and Security, 1-7 (best)",IX_1T7,Score 1-7,WEF_TTDI_RNK,Type: Rank,WEF_TTDI,Travel & Tourism Development Index (TTDI),0,Units,A,Normal value,PU,Public,1.0,1.0,1.0
A,Annual,SGP,Singapore,WEF_TTDI_TTDI_A_02,"Safety and Security, 1-7 (best)",IX_1T7,Score 1-7,WEF_TTDI_SCR,Type: Score,WEF_TTDI,Travel & Tourism Development Index (TTDI),0,Units,A,Normal value,PU,Public,6.83726480796,6.8587472894,6.815960317185795
A,Annual,SGP,Singapore,WEF_TTDI_TTDI_A_02,"Safety and Security, 1-7 (best)",IX_1T7,Score 1-7,WEF_TTDI_VAL,Type: Value,WEF_TTDI,Travel & Tourism Development Index (TTDI),0,Units,A,Normal value,PU,Public,6.83726480796,6.8587472894,6.815960317185795
A,Annual,SLE,Sierra Leone,WEF_TTDI_TTDI_A_02,"Safety and Security, 1-7 (best)",IX_1T7,Score 1-7,WEF_TTDI_RNK,Type: Rank,WEF_TTDI,Travel & Tourism Development Index (TTDI),0,Units,A,Normal value,PU,Public,64.0,63.0,67.0
A,Annual,SLE,Sierra Leone,WEF_TTDI_TTDI_A_02,"Safety and Security, 1-7 (best)",IX_1T7,Score 1-7,WEF_TTDI_SCR,Type: Score,WEF_TTDI,Travel & Tourism Development Index (TTDI),0,Units,A,Normal value,PU,Public,5.52792128648,5.62836128648,5.563788008984598
A,Annual,SLE,Sierra Leone,WEF_TTDI_TTDI_A_02,"Safety and Security, 1-7 (best)",IX_1T7,Score 1-7,WEF_TTDI_VAL,Type: Value,WEF_TTDI,Travel & Tourism Development Index (TTDI),0,Units,A,Normal value,PU,Public,5.52792128648,5.62836128648,5.563788008984598
A,Annual,SLV,El Salvador,WEF_TTDI_TTDI_A_02,"Safety and Security, 1-7 (best)",IX_1T7,Score 1-7,WEF_TTDI_RNK,Type: Rank,WEF_TTDI,Travel & Tourism Development Index (TTDI),0,Units,A,Normal value,PU,Public,109.0,106.0,99.0
A,Annual,SLV,El Salvador,WEF_TTDI_TTDI_A_02,"Safety and Security, 1-7 (best)",IX_1T7,Score 1-7,WEF_TTDI_SCR,Type: Score,WEF_TTDI,Travel & Tourism Development Index (TTDI),0,Units,A,Normal value,PU,Public,4.21,4.779999999999999,4.9588083358121455
A,Annual,SLV,El Salvador,WEF_TTDI_TTDI_A_02,"Safety and Security, 1-7 (best)",IX_1T7,Score 1-7,WEF_TTDI_VAL,Type: Value,WEF_TTDI,Travel & Tourism Development Index (TTDI),0,Units,A,Normal value,PU,Public,4.21,4.779999999999999,4.9588083358121455
A,Annual,SRB,Serbia,WEF_TTDI_TTDI_A_02,"Safety and Security, 1-7 (best)",IX_1T7,Score 1-7,WEF_TTDI_RNK,Type: Rank,WEF_TTDI,Travel & Tourism Development Index (TTDI),0,Units,A,Normal value,PU,Public,26.0,17.0,32.0
A,Annual,SRB,Serbia,WEF_TTDI_TTDI_A_02,"Safety and Security, 1-7 (best)",IX_1T7,Score 1-7,WEF_TTDI_SCR,Type: Score,WEF_TTDI,Travel & Tourism Development Index (TTDI),0,Units,A,Normal value,PU,Public,6.03195166296,6.16408437684,6.102789533818978
A,Annual,SRB,Serbia,WEF_TTDI_TTDI_A_02,"Safety and Security, 1-7 (best)",IX_1T7,Score 1-7,WEF_TTDI_VAL,Type: Value,WEF_TTDI,Travel & Tourism Development Index (TTDI),0,Units,A,Normal value,PU,Public,6.03195166296,6.16408437684,6.102789533818978
A,Annual,SVK,Slovak Republic,WEF_TTDI_TTDI_A_02,"Safety and Security, 1-7 (best)",IX_1T7,Score 1-7,WEF_TTDI_RNK,Type: Rank,WEF_TTDI,Travel & Tourism Development Index (TTDI),0,Units,A,Normal value,PU,Public,20.0,41.0,49.0
A,Annual,SVK,Slovak Republic,WEF_TTDI_TTDI_A_02,"Safety and Security, 1-7 (best)",IX_1T7,Score 1-7,WEF_TTDI_SCR,Type: Score,WEF_TTDI,Travel & Tourism Development Index (TTDI),0,Units,A,Normal value,PU,Public,6.089303646079999,5.9160405892400005,5.845535406502139
A,Annual,SVK,Slovak Republic,WEF_TTDI_TTDI_A_02,"Safety and Security, 1-7 (best)",IX_1T7,Score 1-7,WEF_TTDI_VAL,Type: Value,WEF_TTDI,Travel & Tourism Development Index (TTDI),0,Units,A,Normal value,PU,Public,6.089303646079999,5.9160405892400005,5.845535406502139
A,Annual,SVN,Slovenia,WEF_TTDI_TTDI_A_02,"Safety and Security, 1-7 (best)",IX_1T7,Score 1-7,WEF_TTDI_RNK,Type: Rank,WEF_TTDI,Travel & Tourism Development Index (TTDI),0,Units,A,Normal value,PU,Public,7.0,5.0,10.0
A,Annual,SVN,Slovenia,WEF_TTDI_TTDI_A_02,"Safety and Security, 1-7 (best)",IX_1T7,Score 1-7,WEF_TTDI_SCR,Type: Score,WEF_TTDI,Travel & Tourism Development Index (TTDI),0,Units,A,Normal value,PU,Public,6.485715503040001,6.59074920252,6.503014136720628
A,Annual,SVN,Slovenia,WEF_TTDI_TTDI_A_02,"Safety and Security, 1-7 (best)",IX_1T7,Score 1-7,WEF_TTDI_VAL,Type: Value,WEF_TTDI,Travel & Tourism Development Index (TTDI),0,Units,A,Normal value,PU,Public,6.485715503040001,6.59074920252,6.503014136720628
A,Annual,SWE,Sweden,WEF_TTDI_TTDI_A_02,"Safety and Security, 1-7 (best)",IX_1T7,Score 1-7,WEF_TTDI_RNK,Type: Rank,WEF_TTDI,Travel & Tourism Development Index (TTDI),0,Units,A,Normal value,PU,Public,49.0,35.0,28.0
A,Annual,SWE,Sweden,WEF_TTDI_TTDI_A_02,"Safety and Security, 1-7 (best)",IX_1T7,Score 1-7,WEF_TTDI_SCR,Type: Score,WEF_TTDI,Travel & Tourism Development Index (TTDI),0,Units,A,Normal value,PU,Public,5.746590269181159,5.961654303021159,6.139977062075569
A,Annual,SWE,Sweden,WEF_TTDI_TTDI_A_02,"Safety and Security, 1-7 (best)",IX_1T7,Score 1-7,WEF_TTDI_VAL,Type: Value,WEF_TTDI,Travel & Tourism Development Index (TTDI),0,Units,A,Normal value,PU,Public,5.746590269181159,5.961654303021159,6.139977062075569
A,Annual,THA,Thailand,WEF_TTDI_TTDI_A_02,"Safety and Security, 1-7 (best)",IX_1T7,Score 1-7,WEF_TTDI_RNK,Type: Rank,WEF_TTDI,Travel & Tourism Development Index (TTDI),0,Units,A,Normal value,PU,Public,88.0,86.0,102.0
A,Annual,THA,Thailand,WEF_TTDI_TTDI_A_02,"Safety and Security, 1-7 (best)",IX_1T7,Score 1-7,WEF_TTDI_SCR,Type: Score,WEF_TTDI,Travel & Tourism Development Index (TTDI),0,Units,A,Normal value,PU,Public,5.039502279570527,5.113525392106572,4.867575575886507
A,Annual,THA,Thailand,WEF_TTDI_TTDI_A_02,"Safety and Security, 1-7 (best)",IX_1T7,Score 1-7,WEF_TTDI_VAL,Type: Value,WEF_TTDI,Travel & Tourism Development Index (TTDI),0,Units,A,Normal value,PU,Public,5.039502279570527,5.113525392106572,4.867575575886507
A,Annual,TJK,Tajikistan,WEF_TTDI_TTDI_A_02,"Safety and Security, 1-7 (best)",IX_1T7,Score 1-7,WEF_TTDI_RNK,Type: Rank,WEF_TTDI,Travel & Tourism Development Index (TTDI),0,Units,A,Normal value,PU,Public,18.0,32.0,33.0
A,Annual,TJK,Tajikistan,WEF_TTDI_TTDI_A_02,"Safety and Security, 1-7 (best)",IX_1T7,Score 1-7,WEF_TTDI_SCR,Type: Score,WEF_TTDI,Travel & Tourism Development Index (TTDI),0,Units,A,Normal value,PU,Public,6.123935021173436,5.980295021173436,6.079345456579743
A,Annual,TJK,Tajikistan,WEF_TTDI_TTDI_A_02,"Safety and Security, 1-7 (best)",IX_1T7,Score 1-7,WEF_TTDI_VAL,Type: Value,WEF_TTDI,Travel & Tourism Development Index (TTDI),0,Units,A,Normal value,PU,Public,6.123935021173436,5.980295021173436,6.079345456579743
A,Annual,TTO,Trinidad and Tobago,WEF_TTDI_TTDI_A_02,"Safety and Security, 1-7 (best)",IX_1T7,Score 1-7,WEF_TTDI_RNK,Type: Rank,WEF_TTDI,Travel & Tourism Development Index (TTDI),0,Units,A,Normal value,PU,Public,110.0,111.0,112.0
A,Annual,TTO,Trinidad and Tobago,WEF_TTDI_TTDI_A_02,"Safety and Security, 1-7 (best)",IX_1T7,Score 1-7,WEF_TTDI_SCR,Type: Score,WEF_TTDI,Travel & Tourism Development Index (TTDI),0,Units,A,Normal value,PU,Public,4.19512,4.19056,4.235428682480992
A,Annual,TTO,Trinidad and Tobago,WEF_TTDI_TTDI_A_02,"Safety and Security, 1-7 (best)",IX_1T7,Score 1-7,WEF_TTDI_VAL,Type: Value,WEF_TTDI,Travel & Tourism Development Index (TTDI),0,Units,A,Normal value,PU,Public,4.19512,4.19056,4.235428682480992
A,Annual,TUN,Tunisia,WEF_TTDI_TTDI_A_02,"Safety and Security, 1-7 (best)",IX_1T7,Score 1-7,WEF_TTDI_RNK,Type: Rank,WEF_TTDI,Travel & Tourism Development Index (TTDI),0,Units,A,Normal value,PU,Public,82.0,88.0,88.0
A,Annual,TUN,Tunisia,WEF_TTDI_TTDI_A_02,"Safety and Security, 1-7 (best)",IX_1T7,Score 1-7,WEF_TTDI_SCR,Type: Score,WEF_TTDI,Travel & Tourism Development Index (TTDI),0,Units,A,Normal value,PU,Public,5.231276596569693,5.054686184416147,5.1707876173668526
A,Annual,TUN,Tunisia,WEF_TTDI_TTDI_A_02,"Safety and Security, 1-7 (best)",IX_1T7,Score 1-7,WEF_TTDI_VAL,Type: Value,WEF_TTDI,Travel & Tourism Development Index (TTDI),0,Units,A,Normal value,PU,Public,5.231276596569693,5.054686184416147,5.1707876173668526
A,Annual,TUR,Turkiye,WEF_TTDI_TTDI_A_02,"Safety and Security, 1-7 (best)",IX_1T7,Score 1-7,WEF_TTDI_RNK,Type: Rank,WEF_TTDI,Travel & Tourism Development Index (TTDI),0,Units,A,Normal value,PU,Public,99.0,90.0,100.0
A,Annual,TUR,Turkiye,WEF_TTDI_TTDI_A_02,"Safety and Security, 1-7 (best)",IX_1T7,Score 1-7,WEF_TTDI_SCR,Type: Score,WEF_TTDI,Travel & Tourism Development Index (TTDI),0,Units,A,Normal value,PU,Public,4.728297694631641,5.017695406390944,4.957789112602444
A,Annual,TUR,Turkiye,WEF_TTDI_TTDI_A_02,"Safety and Security, 1-7 (best)",IX_1T7,Score 1-7,WEF_TTDI_VAL,Type: Value,WEF_TTDI,Travel & Tourism Development Index (TTDI),0,Units,A,Normal value,PU,Public,4.728297694631641,5.017695406390944,4.957789112602444
A,Annual,TZA,Tanzania,WEF_TTDI_TTDI_A_02,"Safety and Security, 1-7 (best)",IX_1T7,Score 1-7,WEF_TTDI_RNK,Type: Rank,WEF_TTDI,Travel & Tourism Development Index (TTDI),0,Units,A,Normal value,PU,Public,69.0,64.0,68.0
A,Annual,TZA,Tanzania,WEF_TTDI_TTDI_A_02,"Safety and Security, 1-7 (best)",IX_1T7,Score 1-7,WEF_TTDI_SCR,Type: Score,WEF_TTDI,Travel & Tourism Development Index (TTDI),0,Units,A,Normal value,PU,Public,5.421323774807577,5.612164042943489,5.546196151829132
A,Annual,TZA,Tanzania,WEF_TTDI_TTDI_A_02,"Safety and Security, 1-7 (best)",IX_1T7,Score 1-7,WEF_TTDI_VAL,Type: Value,WEF_TTDI,Travel & Tourism Development Index (TTDI),0,Units,A,Normal value,PU,Public,5.421323774807577,5.612164042943489,5.546196151829132
A,Annual,UMC,Upper middle income,WEF_TTDI_TTDI_A_02,"Safety and Security, 1-7 (best)",IX_1T7,Score 1-7,WEF_TTDI_SCR,Type: Score,WEF_TTDI,Travel & Tourism Development Index (TTDI),0,Units,A,Normal value,PU,Public,5.0498744848743184,5.161310096034405,5.228405196175254
A,Annual,UMC,Upper middle income,WEF_TTDI_TTDI_A_02,"Safety and Security, 1-7 (best)",IX_1T7,Score 1-7,WEF_TTDI_VAL,Type: Value,WEF_TTDI,Travel & Tourism Development Index (TTDI),0,Units,A,Normal value,PU,Public,5.0498744848743184,5.161310096034405,5.228405196175254
A,Annual,URY,Uruguay,WEF_TTDI_TTDI_A_02,"Safety and Security, 1-7 (best)",IX_1T7,Score 1-7,WEF_TTDI_RNK,Type: Rank,WEF_TTDI,Travel & Tourism Development Index (TTDI),0,Units,A,Normal value,PU,Public,80.0,84.0,75.0
A,Annual,URY,Uruguay,WEF_TTDI_TTDI_A_02,"Safety and Security, 1-7 (best)",IX_1T7,Score 1-7,WEF_TTDI_SCR,Type: Score,WEF_TTDI,Travel & Tourism Development Index (TTDI),0,Units,A,Normal value,PU,Public,5.26564859724,5.187261879199999,5.359806561896436
A,Annual,URY,Uruguay,WEF_TTDI_TTDI_A_02,"Safety and Security, 1-7 (best)",IX_1T7,Score 1-7,WEF_TTDI_VAL,Type: Value,WEF_TTDI,Travel & Tourism Development Index (TTDI),0,Units,A,Normal value,PU,Public,5.26564859724,5.187261879199999,5.359806561896436
A,Annual,USA,United States,WEF_TTDI_TTDI_A_02,"Safety and Security, 1-7 (best)",IX_1T7,Score 1-7,WEF_TTDI_RNK,Type: Rank,WEF_TTDI,Travel & Tourism Development Index (TTDI),0,Units,A,Normal value,PU,Public,75.0,71.0,77.0
A,Annual,USA,United States,WEF_TTDI_TTDI_A_02,"Safety and Security, 1-7 (best)",IX_1T7,Score 1-7,WEF_TTDI_SCR,Type: Score,WEF_TTDI,Travel & Tourism Development Index (TTDI),0,Units,A,Normal value,PU,Public,5.351040277140344,5.480374341251048,5.356803266193274
A,Annual,USA,United States,WEF_TTDI_TTDI_A_02,"Safety and Security, 1-7 (best)",IX_1T7,Score 1-7,WEF_TTDI_VAL,Type: Value,WEF_TTDI,Travel & Tourism Development Index (TTDI),0,Units,A,Normal value,PU,Public,5.351040277140344,5.480374341251048,5.356803266193274
A,Annual,UZB,Uzbekistan,WEF_TTDI_TTDI_A_02,"Safety and Security, 1-7 (best)",IX_1T7,Score 1-7,WEF_TTDI_RNK,Type: Rank,WEF_TTDI,Travel & Tourism Development Index (TTDI),0,Units,A,Normal value,PU,Public,6.0,7.0,26.0
A,Annual,UZB,Uzbekistan,WEF_TTDI_TTDI_A_02,"Safety and Security, 1-7 (best)",IX_1T7,Score 1-7,WEF_TTDI_SCR,Type: Score,WEF_TTDI,Travel & Tourism Development Index (TTDI),0,Units,A,Normal value,PU,Public,6.48895459984,6.533367889,6.16606173298911
A,Annual,UZB,Uzbekistan,WEF_TTDI_TTDI_A_02,"Safety and Security, 1-7 (best)",IX_1T7,Score 1-7,WEF_TTDI_VAL,Type: Value,WEF_TTDI,Travel & Tourism Development Index (TTDI),0,Units,A,Normal value,PU,Public,6.48895459984,6.533367889,6.16606173298911
A,Annual,VEN,"Venezuela, RB",WEF_TTDI_TTDI_A_02,"Safety and Security, 1-7 (best)",IX_1T7,Score 1-7,WEF_TTDI_RNK,Type: Rank,WEF_TTDI,Travel & Tourism Development Index (TTDI),0,Units,A,Normal value,PU,Public,118.0,116.0,114.0
A,Annual,VEN,"Venezuela, RB",WEF_TTDI_TTDI_A_02,"Safety and Security, 1-7 (best)",IX_1T7,Score 1-7,WEF_TTDI_SCR,Type: Score,WEF_TTDI,Travel & Tourism Development Index (TTDI),0,Units,A,Normal value,PU,Public,3.0164700525166785,3.208978981703858,3.705812178747144
A,Annual,VEN,"Venezuela, RB",WEF_TTDI_TTDI_A_02,"Safety and Security, 1-7 (best)",IX_1T7,Score 1-7,WEF_TTDI_VAL,Type: Value,WEF_TTDI,Travel & Tourism Development Index (TTDI),0,Units,A,Normal value,PU,Public,3.0164700525166785,3.208978981703858,3.705812178747144
A,Annual,VNM,Viet Nam,WEF_TTDI_TTDI_A_02,"Safety and Security, 1-7 (best)",IX_1T7,Score 1-7,WEF_TTDI_RNK,Type: Rank,WEF_TTDI,Travel & Tourism Development Index (TTDI),0,Units,A,Normal value,PU,Public,27.0,19.0,23.0
A,Annual,VNM,Viet Nam,WEF_TTDI_TTDI_A_02,"Safety and Security, 1-7 (best)",IX_1T7,Score 1-7,WEF_TTDI_SCR,Type: Score,WEF_TTDI,Travel & Tourism Development Index (TTDI),0,Units,A,Normal value,PU,Public,6.01931796324,6.12347796324,6.19376
A,Annual,VNM,Viet Nam,WEF_TTDI_TTDI_A_02,"Safety and Security, 1-7 (best)",IX_1T7,Score 1-7,WEF_TTDI_VAL,Type: Value,WEF_TTDI,Travel & Tourism Development Index (TTDI),0,Units,A,Normal value,PU,Public,6.01931796324,6.12347796324,6.19376
A,Annual,ZAF,South Africa,WEF_TTDI_TTDI_A_02,"Safety and Security, 1-7 (best)",IX_1T7,Score 1-7,WEF_TTDI_RNK,Type: Rank,WEF_TTDI,Travel & Tourism Development Index (TTDI),0,Units,A,Normal value,PU,Public,116.0,115.0,113.0
A,Annual,ZAF,South Africa,WEF_TTDI_TTDI_A_02,"Safety and Security, 1-7 (best)",IX_1T7,Score 1-7,WEF_TTDI_SCR,Type: Score,WEF_TTDI,Travel & Tourism Development Index (TTDI),0,Units,A,Normal value,PU,Public,3.473120977055268,3.4136585971192543,3.974987664373637
A,Annual,ZAF,South Africa,WEF_TTDI_TTDI_A_02,"Safety and Security, 1-7 (best)",IX_1T7,Score 1-7,WEF_TTDI_VAL,Type: Value,WEF_TTDI,Travel & Tourism Development Index (TTDI),0,Units,A,Normal value,PU,Public,3.473120977055268,3.4136585971192543,3.974987664373637
A,Annual,ZMB,Zambia,WEF_TTDI_TTDI_A_02,"Safety and Security, 1-7 (best)",IX_1T7,Score 1-7,WEF_TTDI_RNK,Type: Rank,WEF_TTDI,Travel & Tourism Development Index (TTDI),0,Units,A,Normal value,PU,Public,73.0,76.0,86.0
A,Annual,ZMB,Zambia,WEF_TTDI_TTDI_A_02,"Safety and Security, 1-7 (best)",IX_1T7,Score 1-7,WEF_TTDI_SCR,Type: Score,WEF_TTDI,Travel & Tourism Development Index (TTDI),0,Units,A,Normal value,PU,Public,5.385570014600001,5.3117700146,5.215007896244699
A,Annual,ZMB,Zambia,WEF_TTDI_TTDI_A_02,"Safety and Security, 1-7 (best)",IX_1T7,Score 1-7,WEF_TTDI_VAL,Type: Value,WEF_TTDI,Travel & Tourism Development Index (TTDI),0,Units,A,Normal value,PU,Public,5.385570014600001,5.3117700146,5.215007896244699
A,Annual,ZWE,Zimbabwe,WEF_TTDI_TTDI_A_02,"Safety and Security, 1-7 (best)",IX_1T7,Score 1-7,WEF_TTDI_RNK,Type: Rank,WEF_TTDI,Travel & Tourism Development Index (TTDI),0,Units,A,Normal value,PU,Public,79.0,95.0,74.0
A,Annual,ZWE,Zimbabwe,WEF_TTDI_TTDI_A_02,"Safety and Security, 1-7 (best)",IX_1T7,Score 1-7,WEF_TTDI_SCR,Type: Score,WEF_TTDI,Travel & Tourism Development Index (TTDI),0,Units,A,Normal value,PU,Public,5.295929556155705,4.917157647930499,5.368914232410775
A,Annual,ZWE,Zimbabwe,WEF_TTDI_TTDI_A_02,"Safety and Security, 1-7 (best)",IX_1T7,Score 1-7,WEF_TTDI_VAL,Type: Value,WEF_TTDI,Travel & Tourism Development Index (TTDI),0,Units,A,Normal value,PU,Public,5.295929556155705,4.917157647930499,5.368914232410775
